sqft_living,sqft_lot,bedrooms,bathrooms,floors,waterfront,view,condition,grade,sqft_above,sqft_basement,yr_built,yr_renovated,zipcode,lat,long,sale_price
2497,6946,3,3.7,3.0,0,2,3,11,1997,500,2003,0,98150,47.33,-122.18,1572208
1757,5372,4,2.3,2.0,0,3,1,6,1683,74,1906,1996,98018,47.77,-122.11,1091883
1619,11289,5,1.8,2.5,0,3,5,11,1150,469,1977,0,98050,47.63,-122.31,1495151
3054,8374,6,1.7,1.0,0,4,5,5,2632,422,1923,0,98188,47.57,-122.36,1657180
2565,11050,3,3.8,2.0,0,1,1,10,2449,116,1911,0,98048,47.49,-122.2,1561300
3481,9331,3,1.4,2.0,0,1,3,12,3178,303,1989,2002,98179,47.32,-122.21,1721240
2173,1000,6,1.5,3.0,0,4,4,10,1709,464,1985,0,98170,47.7,-122.21,1488533
2351,12987,4,2.2,1.0,0,2,1,7,1894,457,1902,1997,98155,47.51,-122.33,1262840
1825,4290,3,2.1,1.0,0,0,2,7,1412,413,1938,0,98113,47.37,-122.1,986947
2032,12448,6,1.5,2.5,0,3,3,11,1567,465,1937,0,98116,47.79,-122.28,1279760
2509,9673,1,2.1,3.0,0,3,3,7,1768,741,1966,0,98148,47.62,-122.35,1244489
3339,4366,6,3.4,2.5,0,0,4,4,2579,760,1947,0,98197,47.75,-122.21,1564127
1110,2218,3,4.0,1.0,0,2,1,11,1038,72,2003,0,98112,47.35,-122.2,1230269
2479,2734,1,1.1,3.0,0,2,1,4,2138,341,1958,0,98119,47.43,-122.22,1211909
2090,9153,3,2.5,3.0,0,3,1,8,1607,483,1947,0,98035,47.68,-122.39,1252387
2252,9927,4,1.1,3.0,0,4,3,4,1627,625,1984,1990,98067,47.38,-122.23,1204636
2238,9041,6,1.3,1.5,0,1,2,4,2136,102,1908,0,98176,47.58,-122.31,1069924
1691,4568,1,3.2,2.5,0,3,3,10,1197,494,1997,2012,98191,47.32,-122.26,1214436
800,8929,2,4.0,1.0,1,2,4,8,685,115,1952,0,98108,47.61,-122.37,1331425
1578,16075,4,1.5,1.5,0,2,1,11,1232,346,1991,0,98090,47.31,-122.11,1223693
2503,10963,5,1.2,1.5,0,1,1,11,2453,50,1900,0,98192,47.58,-122.22,1336823
1712,12567,1,2.2,2.5,1,0,4,8,1441,271,1989,0,98085,47.54,-122.35,1492108
800,2299,2,4.3,2.5,1,1,2,6,680,120,1900,0,98004,47.61,-122.12,1278330
2525,10496,1,2.6,2.0,0,3,3,4,2495,30,1973,0,98029,47.33,-122.37,1481113
1710,8330,5,4.0,1.5,0,2,1,10,1257,453,2013,0,98157,47.32,-122.27,1294715
2495,14213,3,4.5,2.5,0,4,4,4,2255,240,1922,0,98105,47.49,-122.24,1293490
800,7193,5,4.1,1.0,0,4,1,6,581,219,1970,0,98128,47.54,-122.25,981101
3814,6129,5,2.7,1.5,0,4,3,5,3778,36,1908,0,98145,47.35,-122.37,1904656
1753,8315,2,4.1,1.5,0,4,3,11,1423,330,1964,0,98145,47.77,-122.1,1273862
3188,1000,2,2.2,2.0,0,1,4,7,2345,843,1960,0,98167,47.67,-122.22,1609902
2012,9106,1,1.3,1.0,0,1,4,8,1434,578,1984,0,98164,47.58,-122.11,1284894
2424,5772,5,3.4,2.0,0,0,3,11,1983,441,1923,0,98008,47.38,-122.21,1601491
1018,5266,4,1.3,1.0,0,2,1,12,807,211,1983,0,98157,47.37,-122.38,978672
2619,10621,2,4.3,1.5,0,4,1,9,2470,149,1995,0,98011,47.6,-122.29,1611672
2008,12451,3,1.5,3.0,0,3,1,8,2007,1,2001,0,98023,47.68,-122.12,1277897
2598,3229,3,2.0,2.5,0,0,2,11,1835,763,1933,0,98003,47.56,-122.14,1360329
3748,14521,6,3.8,1.0,0,4,5,5,3528,220,2002,1991,98038,47.6,-122.21,1948098
2193,8940,1,3.7,2.5,0,1,3,4,2159,34,1903,0,98145,47.55,-122.32,1294424
2407,7369,5,2.2,2.0,0,2,3,12,2017,390,1979,2011,98144,47.62,-122.35,1605740
1867,15720,2,3.1,2.0,1,4,2,9,1356,511,1900,0,98012,47.4,-122.29,1623587
3671,7641,1,1.3,1.0,0,2,5,4,2874,797,1900,1992,98180,47.4,-122.29,1689942
1851,4993,5,1.2,2.0,0,2,3,5,1544,307,1998,0,98192,47.43,-122.29,968576
1582,3173,4,1.8,3.0,0,3,2,6,1415,167,1917,2004,98034,47.58,-122.22,891828
2953,10345,2,1.9,2.0,0,4,1,4,2073,880,1920,2012,98112,47.38,-122.34,1298836
1437,5319,1,1.3,2.0,1,4,4,11,1054,383,1965,0,98075,47.73,-122.15,1495137
1673,9613,3,3.0,2.0,0,4,2,9,1527,146,1983,0,98113,47.56,-122.19,1275638
1929,8054,6,1.5,2.5,0,2,1,9,1545,384,1909,0,98138,47.79,-122.3,1171510
2708,11925,3,2.7,2.0,0,0,5,5,1996,712,1974,0,98076,47.49,-122.12,1407222
2563,9489,5,1.7,2.0,0,4,3,7,2037,526,1941,0,98040,47.53,-122.19,1458992
2744,1000,1,1.8,1.0,0,1,5,11,2109,635,1938,1995,98067,47.61,-122.3,1544660
2370,5838,5,2.7,2.0,0,0,1,8,2212,158,1932,2011,98066,47.68,-122.14,1426191
1691,6420,5,2.9,3.0,0,3,5,5,1189,502,2014,0,98036,47.66,-122.22,1119482
1157,4778,2,4.3,2.5,0,1,1,4,816,341,1959,0,98100,47.76,-122.16,764157
3141,4990,4,1.4,1.0,0,2,5,12,2900,241,1973,0,98117,47.6,-122.37,1744225
2941,6510,6,2.2,1.5,0,2,1,6,2277,664,1924,0,98198,47.32,-122.31,1403397
2824,4810,1,1.6,2.5,0,3,4,11,2402,422,1900,0,98179,47.4,-122.13,1469886
1641,5312,5,2.3,2.0,0,2,2,5,1411,230,2012,0,98166,47.68,-122.37,1063795
1922,4185,3,3.3,2.5,0,3,2,10,1725,197,1964,0,98067,47.42,-122.2,1405642
1680,9457,1,2.9,1.5,0,2,4,7,1512,168,1984,0,98055,47.75,-122.4,993480
3511,2533,2,2.3,2.5,0,4,1,5,3364,147,1998,0,98086,47.69,-122.37,1662843
2327,7654,1,2.7,1.0,0,1,5,12,1808,519,1921,0,98004,47.37,-122.13,1446734
3021,7982,2,3.0,1.5,0,0,2,10,2211,810,1985,2014,98031,47.74,-122.22,1626520
3432,11557,2,4.2,1.5,0,1,2,9,3162,270,1950,2008,98026,47.33,-122.15,1830945
2000,10492,6,2.7,3.0,0,1,4,7,1497,503,2015,2002,98154,47.54,-122.3,1435406
1263,1000,5,3.4,1.5,0,2,3,5,1186,77,1943,0,98102,47.6,-122.29,880248
1919,11758,5,3.7,3.0,0,0,2,12,1715,204,1958,0,98109,47.63,-122.39,1410236
1099,17923,6,1.4,1.0,0,1,3,10,1031,68,1994,0,98167,47.53,-122.24,1171385
3137,11109,5,1.3,3.0,0,1,4,10,2492,645,2012,0,98153,47.67,-122.24,1563424
2908,6714,2,1.1,1.5,0,2,5,5,2854,54,1998,2003,98029,47.68,-122.28,1660745
1809,5717,4,3.6,1.0,0,1,4,5,1393,416,1924,0,98181,47.79,-122.27,1187187
3340,3506,4,4.3,3.0,0,2,4,9,3322,18,1962,0,98011,47.75,-122.1,1891929
2143,12052,6,3.1,3.0,0,2,2,12,1641,502,2012,0,98120,47.48,-122.38,1507885
1801,2805,2,2.7,1.0,0,2,5,11,1664,137,1988,0,98142,47.73,-122.26,1189072
1527,5081,2,4.0,1.0,0,0,5,5,1256,271,1978,1994,98176,47.55,-122.38,994840
2655,3256,5,4.5,1.5,0,4,3,6,2135,520,1997,0,98033,47.74,-122.16,1636136
2437,9122,3,1.8,3.0,0,2,4,10,2350,87,1944,0,98031,47.71,-122.36,1540769
3065,4232,2,3.9,3.0,0,1,5,4,2660,405,2003,0,98188,47.3,-122.15,1525843
1563,7314,2,2.2,2.5,0,4,5,9,1533,30,1995,0,98068,47.45,-122.19,1218734
2206,4699,1,1.2,2.0,0,4,4,7,1972,234,1951,0,98007,47.33,-122.15,1340243
1734,7048,4,2.5,3.0,0,4,5,7,1650,84,1946,0,98022,47.37,-122.14,1171625
2444,8473,5,3.2,2.0,0,2,3,4,1945,499,1937,0,98189,47.4,-122.14,1347577
3476,17562,4,1.6,1.0,0,2,2,7,2451,1025,1992,2010,98024,47.76,-122.22,1509142
2028,13260,6,3.1,2.5,0,0,1,9,1773,255,1901,0,98139,47.79,-122.36,1427881
1791,8813,6,2.0,3.0,0,3,1,11,1642,149,1950,2006,98076,47.79,-122.36,1342504
4021,7409,4,2.2,1.5,0,1,1,4,3879,142,1929,2009,98154,47.5,-122.36,1919194
2612,5215,4,1.4,2.0,0,2,1,9,2311,301,1994,0,98114,47.77,-122.12,1512423
3112,9737,3,2.7,2.0,0,3,2,9,2600,512,1902,1999,98014,47.34,-122.38,1559917
1712,6218,6,2.2,3.0,0,2,4,5,1209,503,1982,0,98096,47.57,-122.25,1166398
1959,4461,5,1.3,1.0,0,0,5,11,1621,338,1903,0,98126,47.79,-122.39,1254405
2937,14235,4,4.1,1.5,0,1,3,6,2306,631,1911,0,98018,47.62,-122.18,1452953
2421,4757,6,1.6,2.5,0,1,5,8,1744,677,1940,0,98060,47.5,-122.22,1507490
2807,8572,1,4.4,1.5,0,4,1,11,2469,338,1935,0,98047,47.42,-122.13,1570672
800,4868,5,2.2,1.0,0,3,3,4,620,180,1983,0,98107,47.67,-122.2,878024
2028,8950,6,1.7,3.0,1,1,1,8,1989,39,1928,0,98035,47.53,-122.12,1826955
2162,1000,6,3.4,2.5,0,2,3,5,1722,440,1928,0,98184,47.56,-122.25,1202064
2422,3746,2,1.7,3.0,0,4,2,4,2304,118,1989,0,98158,47.55,-122.21,1362312
2260,11702,4,1.4,1.0,0,0,1,6,2219,41,1913,0,98069,47.59,-122.3,1204136
1210,10709,1,4.0,1.0,0,0,3,7,1083,127,2001,0,98102,47.52,-122.13,912593
1808,10511,5,3.9,1.0,0,0,4,10,1571,237,1918,0,98161,47.42,-122.29,1393123
2907,4747,3,2.9,1.5,0,4,5,12,2366,541,1997,0,98044,47.54,-122.28,1927126
3399,8800,4,4.3,3.0,0,2,5,12,3046,353,1950,2010,98141,47.48,-122.37,1848628
2021,3545,4,2.9,1.5,0,1,2,4,2006,15,1989,2000,98007,47.64,-122.35,1100420
3577,8389,1,3.0,1.5,0,3,4,9,3368,209,1900,0,98173,47.62,-122.11,1886139
2407,6364,1,3.3,1.5,0,1,1,8,1903,504,1923,0,98060,47.64,-122.16,1271867
1645,9228,2,1.5,1.0,0,1,1,10,1415,230,1921,2004,98163,47.6,-122.24,992994
1004,7146,2,2.0,3.0,0,1,5,10,921,83,1974,0,98188,47.71,-122.22,1171720
2645,6406,5,1.3,3.0,0,2,1,11,2142,503,1969,0,98196,47.52,-122.15,1490543
2264,2118,2,3.4,2.5,0,2,2,10,1841,423,2001,0,98098,47.52,-122.3,1463087
1440,8145,5,1.6,1.0,0,1,1,10,1334,106,1916,0,98136,47.7,-122.12,1013946
974,7791,1,3.4,2.5,0,1,1,8,923,51,1937,2003,98036,47.45,-122.32,899237
1536,6544,3,1.8,1.0,0,3,2,7,1477,59,1905,0,98171,47.59,-122.23,1016597
800,11045,5,2.3,1.5,0,2,4,12,637,163,1934,1991,98163,47.47,-122.11,831591
2968,9398,1,2.7,1.0,0,0,5,7,2525,443,1940,0,98141,47.48,-122.38,1447694
2523,7218,5,4.3,2.5,0,3,5,5,2258,265,1982,0,98005,47.69,-122.26,1573623
2218,6151,1,2.5,1.0,0,0,4,6,1670,548,1915,1993,98004,47.8,-122.16,971629
2829,9498,2,1.5,2.5,0,4,3,10,2426,403,1985,0,98086,47.78,-122.33,1774147
1913,3314,6,1.9,1.5,0,4,1,8,1817,96,2008,0,98082,47.33,-122.39,1238882
1490,7459,5,2.7,2.5,0,3,2,11,1405,85,1992,0,98166,47.5,-122.11,1456449
2472,8166,2,2.5,3.0,0,1,2,11,2072,400,1974,0,98008,47.75,-122.21,1400994
2234,2734,4,2.8,3.0,1,0,3,4,1612,622,1923,2006,98133,47.55,-122.28,1575969
2288,7427,4,3.7,2.0,0,2,2,8,1978,310,1995,1999,98038,47.34,-122.25,1438505
2296,4054,1,3.3,1.5,0,1,2,8,1693,603,1990,0,98118,47.54,-122.12,1186023
3990,9185,2,1.4,1.0,0,0,1,11,3310,680,1988,2009,98158,47.76,-122.2,1819011
2097,10484,4,4.2,1.5,0,4,4,9,1941,156,1988,0,98029,47.66,-122.37,1475203
1618,8593,2,1.7,2.0,0,3,5,9,1395,223,1960,0,98003,47.45,-122.23,1214836
2404,12659,2,3.0,1.0,0,2,1,7,1754,650,1995,0,98098,47.4,-122.23,1341506
2675,13286,3,3.4,3.0,0,3,2,9,2540,135,1977,0,98162,47.68,-122.2,1666540
2480,8426,2,2.3,3.0,0,1,3,8,2229,251,1953,0,98149,47.31,-122.35,1124531
1767,2776,1,3.1,2.5,0,2,5,10,1609,158,1923,0,98082,47.6,-122.39,1297272
963,9320,4,3.7,3.0,0,2,5,7,709,254,2012,0,98146,47.49,-122.38,956183
2594,10292,1,4.3,3.0,0,3,4,9,2587,7,1974,0,98090,47.59,-122.34,1507122
1160,5388,1,4.3,2.0,0,1,3,6,943,217,1963,2006,98149,47.53,-122.26,948783
2077,14589,1,3.7,2.5,0,3,4,12,1922,155,1923,0,98158,47.44,-122.39,1505552
1545,7233,2,4.0,2.5,0,3,3,7,1368,177,2006,1993,98178,47.51,-122.3,1190161
2297,7849,5,1.2,2.5,0,0,5,8,1784,513,1902,0,98165,47.58,-122.26,1270597
2378,4266,2,3.5,1.5,0,0,1,11,1746,632,1997,0,98043,47.33,-122.19,1340787
1437,7844,6,4.0,1.5,0,1,1,5,1047,390,1915,0,98125,47.67,-122.31,952769
2278,7789,3,3.8,3.0,0,3,4,9,1606,672,2003,0,98116,47.74,-122.33,1451642
2353,7372,2,3.0,1.5,0,2,4,4,1922,431,1998,2009,98023,47.71,-122.29,1268839
949,11176,4,2.0,1.0,0,1,2,7,823,126,1901,0,98131,47.48,-122.13,737091
2121,2367,4,1.7,3.0,0,2,5,7,1992,129,2009,1998,98012,47.67,-122.3,1354552
2342,8970,2,1.6,1.5,0,2,5,12,1704,638,1967,0,98162,47.4,-122.29,1363623
2487,6558,6,3.5,2.5,0,1,4,12,2007,480,1997,0,98076,47.47,-122.35,1708012
2537,6544,4,4.2,2.0,0,1,3,12,2107,430,1921,0,98108,47.54,-122.11,1533626
1377,8797,2,2.1,2.5,0,0,4,4,1309,68,1986,1992,98004,47.73,-122.34,855366
1946,5487,4,4.3,2.5,0,0,3,5,1742,204,1905,0,98151,47.38,-122.28,1257573
1049,5182,5,2.9,2.0,0,2,4,4,747,302,1987,1995,98150,47.73,-122.31,903812
2353,11054,4,3.2,2.5,0,4,5,7,1715,638,1929,1990,98120,47.44,-122.15,1368951
2624,13610,3,4.2,1.5,0,0,5,4,2061,563,1911,0,98064,47.69,-122.23,1218324
2728,7247,5,1.3,3.0,1,2,1,5,2628,100,1964,2012,98175,47.34,-122.13,1772679
1203,7060,3,4.1,3.0,0,4,3,9,1055,148,1928,0,98055,47.56,-122.37,1095425
800,9196,2,2.7,1.0,0,0,2,4,569,231,1905,1997,98124,47.53,-122.26,588792
3937,5473,6,3.1,3.0,0,0,5,9,3764,173,2012,0,98043,47.72,-122.31,1923019
947,5530,6,4.3,1.0,0,0,1,4,695,252,1950,0,98183,47.74,-122.25,695292
1780,4888,1,2.4,2.0,0,4,5,4,1685,95,2002,0,98197,47.3,-122.21,1145791
1608,4666,6,3.8,2.5,0,2,4,11,1487,121,1996,0,98143,47.67,-122.28,1417793
3164,12807,3,3.1,1.5,0,2,1,12,2361,803,1902,0,98155,47.67,-122.24,1687871
2834,1000,5,2.4,3.0,0,0,1,10,2678,156,1937,0,98182,47.73,-122.28,1686747
2164,4280,6,3.8,2.5,0,2,3,12,1794,370,2003,0,98160,47.49,-122.22,1646600
3001,3136,5,3.3,3.0,0,0,4,6,2123,878,1959,0,98163,47.47,-122.38,1467610
800,4276,6,4.0,1.5,0,3,1,7,600,200,1949,0,98120,47.79,-122.24,778504
939,4147,5,2.0,3.0,0,4,2,8,790,149,1905,0,98113,47.34,-122.22,896122
2085,9088,5,2.9,3.0,0,2,3,5,1621,464,1950,2010,98174,47.64,-122.33,1248438
3108,8673,5,2.6,1.5,0,2,5,4,2860,248,1981,0,98152,47.61,-122.34,1528319
1727,7076,1,3.5,2.0,0,2,5,5,1583,144,1944,0,98149,47.67,-122.24,1097603
1784,5405,6,1.5,2.0,0,3,4,7,1710,74,1954,0,98102,47.56,-122.23,1242808
3765,2870,1,2.3,1.0,0,2,2,6,3315,450,2010,0,98109,47.54,-122.1,1621441
2870,4370,3,2.6,3.0,0,4,2,9,2601,269,1942,0,98138,47.37,-122.31,1537313
3016,5373,3,1.7,1.0,0,2,3,5,2723,293,2012,1996,98067,47.67,-122.15,1459184
2445,10701,1,3.7,2.5,0,0,2,7,2010,435,2001,0,98072,47.36,-122.16,1382073
2124,9934,2,1.3,1.5,0,3,2,5,1939,185,1955,0,98034,47.44,-122.16,1141698
2660,6386,5,3.9,1.0,0,4,5,8,2033,627,1918,0,98031,47.74,-122.25,1603924
3849,2338,6,1.3,1.5,0,3,4,8,3622,227,1921,0,98004,47.37,-122.17,1926457
800,4721,2,3.5,1.0,0,0,1,5,626,174,1937,0,98088,47.72,-122.4,615545
2760,4031,5,4.3,1.0,0,2,1,5,2191,569,1999,0,98051,47.52,-122.13,1503496
2017,8561,2,3.0,2.5,0,1,5,8,1941,76,2000,0,98108,47.36,-122.2,1281265
3892,5858,5,1.2,3.0,0,3,1,6,3258,634,1917,0,98105,47.33,-122.17,1867850
1843,5913,1,4.0,1.0,0,4,5,5,1508,335,1907,0,98018,47.67,-122.11,1154215
2210,6140,6,1.7,2.5,0,2,3,12,2092,118,1953,0,98044,47.35,-122.19,1535159
1953,9513,6,2.4,1.0,0,0,4,9,1523,430,1928,0,98122,47.56,-122.2,1301256
2942,4606,1,2.8,1.5,0,4,2,12,2165,777,1905,0,98153,47.69,-122.24,1469728
925,8159,3,1.1,2.0,0,0,5,9,689,236,2003,1998,98157,47.42,-122.25,880184
1959,14145,2,3.0,1.0,0,3,2,9,1586,373,1958,0,98199,47.37,-122.21,1279685
3230,8802,4,2.4,2.5,0,0,1,7,2587,643,1953,0,98047,47.33,-122.19,1513635
2459,8293,4,3.2,2.0,1,0,2,9,2112,347,1914,0,98122,47.64,-122.38,1892300
1605,16250,5,2.6,2.0,0,4,4,4,1189,416,1974,0,98011,47.5,-122.2,975764
2328,4224,4,4.5,2.0,0,0,4,8,1934,394,1918,1995,98118,47.31,-122.4,1406983
2707,12944,3,2.8,1.5,0,4,2,11,2522,185,1999,0,98065,47.53,-122.17,1606463
2344,11718,5,1.0,3.0,0,3,2,8,1796,548,2003,0,98176,47.35,-122.27,1393354
1710,4315,1,1.5,2.0,0,0,1,10,1387,323,1983,1992,98099,47.78,-122.23,1073804
3053,5130,4,2.4,3.0,0,3,1,5,2963,90,1925,0,98116,47.31,-122.15,1494812
2696,3158,4,3.0,2.0,0,4,3,6,2115,581,1959,0,98071,47.72,-122.28,1523897
2629,9655,4,2.7,2.5,0,0,3,10,1866,763,2009,1993,98122,47.77,-122.25,1584932
1804,5585,2,3.7,1.5,0,1,1,4,1554,250,2015,0,98069,47.5,-122.24,1131699
4037,10931,4,2.8,3.0,0,4,5,7,3104,933,1950,1993,98076,47.41,-122.2,2013635
2470,1000,6,3.9,2.0,0,0,3,9,2029,441,1915,0,98054,47.6,-122.2,1393832
2168,4266,2,1.1,1.5,0,0,1,9,1690,478,1967,0,98111,47.66,-122.17,1148531
1335,1000,1,2.6,1.5,0,2,1,10,984,351,1956,0,98169,47.4,-122.3,977479
2451,10615,4,3.3,3.0,0,0,1,6,2070,381,1999,0,98128,47.75,-122.4,1327493
2339,9444,2,2.5,2.5,0,4,3,9,2020,319,1948,0,98193,47.45,-122.26,1512480
2436,6288,1,1.6,2.5,0,1,3,12,2287,149,1906,0,98119,47.59,-122.15,1369230
2214,1000,3,1.7,2.5,0,0,5,12,2132,82,1968,1990,98062,47.34,-122.3,1457448
1691,8346,6,2.3,2.5,0,3,3,9,1488,203,1919,0,98082,47.77,-122.13,1250045
1886,9052,1,3.6,1.5,0,0,3,4,1545,341,1902,0,98089,47.67,-122.21,970858
3597,9457,2,3.1,2.0,0,3,3,12,2617,980,2007,0,98111,47.58,-122.21,1817895
3264,1000,6,2.1,2.5,0,1,5,7,3211,53,1925,0,98053,47.77,-122.18,1888491
1928,8607,6,3.2,1.0,0,0,1,7,1891,37,1908,0,98129,47.41,-122.18,1302498
2658,10085,2,1.0,1.5,0,2,5,12,2206,452,1914,0,98123,47.66,-122.4,1403344
3499,13025,1,3.3,1.5,0,0,5,10,2501,998,1951,1990,98110,47.44,-122.33,1675561
1527,10228,3,3.1,1.5,0,2,4,11,1160,367,1973,0,98120,47.79,-122.31,1316599
1785,13379,5,3.0,1.0,0,3,4,4,1728,57,1908,2010,98002,47.62,-122.33,1104718
3475,15470,5,3.7,1.5,0,2,2,12,2642,833,1985,0,98061,47.53,-122.39,1850540
1555,3892,3,2.4,1.5,0,4,5,8,1455,100,1991,0,98199,47.66,-122.15,1309089
1908,14978,1,2.2,1.5,0,0,5,10,1459,449,1954,0,98036,47.62,-122.29,1024981
1379,4430,1,1.4,1.0,0,4,3,10,1045,334,1904,0,98076,47.73,-122.18,1133650
1195,9394,5,3.5,2.5,0,4,1,10,837,358,1965,0,98108,47.56,-122.35,1066659
1532,2465,4,3.0,1.5,0,3,3,10,1098,434,1918,0,98126,47.78,-122.22,981821
3230,12866,2,2.4,1.5,0,1,2,6,2790,440,1900,0,98176,47.77,-122.19,1307732
2706,7469,2,2.8,3.0,0,0,3,10,2521,185,2002,0,98062,47.7,-122.38,1751247
1210,13356,4,4.1,2.5,0,0,5,12,1164,46,1940,0,98179,47.44,-122.24,1266876
3165,7675,1,4.1,2.0,1,0,2,6,2482,683,1965,2011,98006,47.49,-122.24,1886447
2269,12300,4,4.5,2.0,1,2,3,6,1826,443,1963,0,98183,47.48,-122.26,1779107
2817,12599,3,4.3,2.0,0,0,1,5,2625,192,1978,1993,98136,47.51,-122.24,1303636
2343,12005,3,3.3,2.5,0,3,1,9,2167,176,1916,0,98131,47.52,-122.17,1477254
2209,12148,6,1.5,1.5,0,2,3,12,1706,503,1958,0,98138,47.55,-122.34,1465865
1716,12123,2,4.4,1.0,0,0,3,9,1586,130,1960,0,98173,47.71,-122.26,1156575
2818,2354,6,1.2,3.0,0,3,4,8,2604,214,1932,0,98001,47.53,-122.32,1667462
1936,9282,6,3.3,1.0,0,2,5,10,1933,3,2001,1997,98075,47.71,-122.19,1566153
2581,11667,3,4.5,2.0,0,4,5,4,2550,31,1974,0,98182,47.58,-122.31,1449436
2653,12839,3,1.0,2.0,0,4,5,6,2319,334,1960,0,98019,47.52,-122.19,1495159
1016,5287,3,4.0,2.0,0,3,5,8,1014,2,1911,0,98113,47.53,-122.12,1059560
2104,5749,6,2.3,2.0,0,4,1,12,1882,222,1973,0,98065,47.62,-122.22,1588703
2550,3980,6,3.0,1.0,0,1,4,5,2381,169,1958,0,98012,47.53,-122.19,1445553
2674,12236,2,4.2,1.5,0,3,3,9,2435,239,1928,0,98158,47.76,-122.22,1579705
2748,3188,3,1.7,3.0,0,2,5,10,2159,589,1972,0,98037,47.75,-122.21,1540205
2463,5434,4,3.9,1.5,0,2,3,5,1776,687,2007,2009,98050,47.43,-122.37,1345533
1895,6534,3,4.4,1.0,0,3,3,11,1451,444,1955,1996,98028,47.48,-122.2,1320062
2365,11024,6,2.7,2.0,0,4,2,11,1870,495,1923,0,98112,47.39,-122.14,1500729
2350,7349,2,3.9,1.5,0,1,1,9,2156,194,1947,0,98168,47.63,-122.34,1479258
2386,1000,1,2.7,2.5,0,3,1,6,2242,144,1915,0,98196,47.51,-122.25,1404334
2134,12878,5,3.0,1.5,0,3,4,10,2090,44,1976,0,98191,47.59,-122.34,1447007
1527,9267,6,3.1,1.0,0,2,2,6,1478,49,1975,0,98031,47.59,-122.3,1107655
2208,1000,4,1.9,2.5,1,1,2,4,1961,247,1976,0,98164,47.53,-122.29,1626020
1372,3753,2,3.8,3.0,0,0,4,12,1249,123,1901,0,98145,47.65,-122.12,1068772
3269,4011,2,1.6,3.0,0,0,3,7,2945,324,1951,0,98053,47.33,-122.39,1394863
3479,6350,3,3.6,1.0,0,3,1,12,3070,409,1971,0,98012,47.49,-122.16,1914149
3243,5040,3,3.3,1.0,0,4,5,8,3082,161,1955,0,98178,47.46,-122.18,1723731
1988,5039,1,2.2,1.5,0,2,4,4,1781,207,1955,0,98194,47.61,-122.22,951034
800,7871,1,2.0,1.5,0,1,1,12,643,157,1959,0,98186,47.44,-122.36,901457
1736,8815,2,4.3,2.5,0,3,5,12,1690,46,1966,0,98118,47.63,-122.17,1422015
2473,13584,3,2.0,2.0,0,0,3,12,2223,250,1925,0,98095,47.48,-122.17,1377767
1249,6922,2,1.6,1.5,0,3,1,7,919,330,1961,0,98116,47.44,-122.25,808565
2724,1000,6,3.2,1.0,0,0,3,10,2445,279,1917,1992,98104,47.63,-122.13,1425833
1331,7009,5,1.3,3.0,0,4,5,8,958,373,2011,0,98104,47.32,-122.2,1151020
1338,7809,2,3.8,3.0,0,3,2,12,949,389,1957,0,98162,47.33,-122.38,1133947
3610,9726,1,1.5,1.5,0,4,1,9,3043,567,2008,0,98190,47.7,-122.3,1669940
884,1000,6,3.0,3.0,0,4,3,4,691,193,1934,1994,98058,47.64,-122.24,873437
1688,2910,2,4.4,1.0,0,4,4,10,1441,247,1962,0,98163,47.34,-122.29,1265538
800,12075,4,3.9,3.0,0,2,2,4,666,134,1935,0,98058,47.57,-122.32,741429
1346,5671,6,1.5,1.5,0,4,2,6,1035,311,1923,0,98159,47.78,-122.33,994092
2280,10270,1,2.0,1.5,0,1,5,8,1889,391,1959,0,98126,47.37,-122.15,1355429
2212,1000,6,1.9,1.5,0,1,1,8,2146,66,1905,0,98123,47.58,-122.15,1206311
2901,11838,4,1.8,2.0,0,2,1,7,2363,538,1910,0,98003,47.8,-122.34,1259794
1006,3646,2,3.2,3.0,0,0,4,5,755,251,2011,0,98074,47.75,-122.37,781547
1427,6601,1,1.2,2.0,0,1,2,6,1099,328,1984,0,98173,47.45,-122.32,790459
1329,5947,3,2.4,3.0,0,0,4,7,1318,11,1901,2004,98072,47.75,-122.29,846820
1595,7779,4,2.4,2.0,0,4,1,11,1240,355,1907,0,98036,47.53,-122.3,1236759
1479,7456,5,3.5,2.5,0,3,3,8,1392,87,1926,0,98029,47.37,-122.32,1136800
1176,1000,2,1.2,2.5,0,2,2,9,914,262,1921,0,98111,47.45,-122.33,761391
1698,11401,1,2.9,1.5,0,3,3,8,1230,468,1967,0,98034,47.32,-122.27,1148974
1272,7549,2,3.8,2.0,0,4,3,8,1183,89,1958,0,98130,47.61,-122.2,1259099
2108,7273,1,1.5,3.0,0,1,2,4,2038,70,1991,2004,98181,47.68,-122.32,1084242
2820,9304,4,1.5,2.0,0,1,1,5,2460,360,1929,0,98028,47.68,-122.33,1269347
2705,12982,2,1.9,3.0,0,3,2,12,2702,3,1931,0,98066,47.51,-122.36,1676504
2163,6285,1,1.9,2.5,0,1,1,6,1869,294,1923,0,98130,47.63,-122.11,1215384
3660,4407,6,3.9,1.5,0,3,4,7,3360,300,1979,0,98184,47.7,-122.2,1962851
2394,8092,3,1.9,3.0,0,2,5,7,1909,485,2014,0,98198,47.64,-122.13,1410005
1907,7204,4,3.3,3.0,0,2,3,4,1342,565,1998,0,98083,47.37,-122.37,1211551
3165,8406,6,3.3,3.0,0,0,1,7,2346,819,1995,2004,98054,47.52,-122.24,1709784
2370,2671,1,2.7,2.5,0,4,3,4,2108,262,1934,0,98108,47.65,-122.19,1164893
2525,8946,6,4.5,2.0,0,4,5,12,1983,542,1951,0,98109,47.72,-122.34,1730399
1314,11987,4,3.3,2.0,0,2,2,9,1126,188,1918,0,98174,47.6,-122.2,1240377
1217,8042,3,4.2,2.5,0,1,4,6,1184,33,1945,0,98121,47.79,-122.15,1045396
2249,2739,4,4.3,3.0,0,3,3,12,1829,420,1953,0,98097,47.55,-122.35,1629879
800,4756,5,4.1,1.0,0,1,3,8,666,134,2015,0,98064,47.71,-122.12,985748
2204,7190,5,1.4,2.0,0,0,4,8,1989,215,1903,0,98171,47.65,-122.34,1171082
2002,5869,5,3.0,3.0,0,3,2,7,1449,553,1926,0,98121,47.5,-122.31,1235540
2039,15390,1,2.8,1.5,0,0,4,9,1718,321,2007,0,98036,47.69,-122.32,1154230
2547,4245,6,2.6,1.5,0,4,1,4,1896,651,1911,0,98155,47.47,-122.14,1165536
2796,6312,4,1.2,2.0,0,1,4,9,2138,658,1932,0,98095,47.71,-122.15,1451088
800,11755,5,1.2,1.5,0,1,1,10,703,97,1954,0,98095,47.57,-122.22,905490
1078,2346,5,3.1,1.5,0,2,2,10,875,203,1970,0,98111,47.37,-122.18,1066295
2543,1705,4,2.4,3.0,0,2,2,7,2142,401,1950,2002,98136,47.59,-122.23,1404862
2918,8201,5,2.6,1.5,0,0,1,5,2191,727,1980,0,98112,47.64,-122.35,1296697
2227,6030,5,4.3,1.5,0,2,4,5,2008,219,1962,0,98179,47.47,-122.17,1500675
1295,6093,1,1.3,2.0,0,4,5,8,944,351,1981,0,98066,47.59,-122.37,998280
2992,4838,5,2.0,1.0,0,2,3,10,2310,682,2009,0,98045,47.41,-122.28,1671799
2051,9500,2,3.8,2.5,0,2,1,6,1756,295,1951,0,98177,47.78,-122.13,1159679
1659,15810,6,2.4,2.5,0,3,3,11,1240,419,1985,0,98085,47.8,-122.34,1442327
1165,1000,6,4.3,1.5,0,0,5,12,884,281,1990,0,98088,47.67,-122.39,1159294
3063,5003,4,3.4,2.0,0,4,1,8,2819,244,2011,2006,98087,47.46,-122.13,1751296
1804,5278,1,2.7,1.0,0,4,3,5,1772,32,1998,2008,98146,47.66,-122.29,1072834
1809,5293,1,1.7,3.0,0,2,2,12,1437,372,1992,0,98025,47.67,-122.13,1136581
2329,4172,2,2.1,3.0,0,4,2,9,2060,269,1947,1999,98010,47.56,-122.34,1342172
1524,1247,1,3.1,2.5,0,0,5,12,1201,323,1980,1992,98121,47.74,-122.26,1300990
2703,9418,2,3.6,3.0,0,2,1,8,1892,811,2000,2002,98164,47.55,-122.2,1464957
2725,4336,4,2.8,2.5,0,4,5,6,2632,93,1994,0,98178,47.46,-122.38,1759437
1261,4241,3,2.5,2.5,0,2,3,6,1080,181,1961,0,98105,47.49,-122.17,1051106
893,2872,1,4.2,2.0,0,3,4,6,859,34,1962,0,98007,47.73,-122.17,913952
1439,8097,1,1.2,2.0,0,2,2,6,1083,356,1960,2015,98176,47.46,-122.2,899554
2685,9861,4,2.0,2.0,0,4,1,11,2425,260,1967,0,98131,47.38,-122.38,1604592
3545,6097,1,3.9,1.5,0,1,4,8,3025,520,1980,0,98133,47.79,-122.12,1827493
1979,10170,6,3.3,3.0,0,0,4,11,1467,512,1981,0,98079,47.34,-122.3,1373472
2517,11353,5,2.0,3.0,0,3,1,4,1804,713,1978,0,98121,47.39,-122.35,1418692
1691,7336,5,2.5,2.0,0,0,5,12,1485,206,1992,0,98189,47.69,-122.34,1364787
2955,2701,2,1.2,2.5,0,1,1,10,2818,137,1968,0,98016,47.49,-122.23,1370091
3004,7233,2,1.0,2.5,0,1,5,9,2763,241,1996,0,98193,47.42,-122.19,1519951
1464,8010,1,3.5,1.0,0,3,2,10,1354,110,1987,2002,98184,47.7,-122.3,1133082
3623,5078,2,4.1,1.5,0,2,2,5,3036,587,1966,0,98146,47.79,-122.17,1708376
800,8653,6,4.0,2.5,0,2,4,11,576,224,1971,0,98113,47.42,-122.38,1046604
2288,2196,4,2.5,3.0,0,3,5,6,1828,460,1997,0,98158,47.33,-122.31,1298898
1162,9357,6,3.5,2.0,0,1,3,5,879,283,1951,0,98198,47.34,-122.11,905772
2568,5850,4,2.5,1.5,0,0,4,4,2429,139,1922,0,98181,47.44,-122.31,1193909
819,2630,3,3.5,1.5,0,4,4,9,734,85,2004,0,98182,47.36,-122.28,1025119
1593,10157,1,1.1,1.5,0,3,3,4,1135,458,2008,0,98185,47.65,-122.25,924761
3133,5771,5,2.2,2.0,0,1,1,12,2692,441,1970,0,98032,47.65,-122.12,1905773
2298,12632,4,3.2,1.5,0,1,4,8,1872,426,1980,0,98115,47.42,-122.31,1478713
3439,3559,3,3.5,2.0,0,1,4,5,3318,121,1914,2011,98191,47.59,-122.14,1772488
1428,12917,5,2.4,3.0,0,0,1,11,1389,39,1901,0,98062,47.71,-122.3,1133381
1334,14096,5,2.9,3.0,0,4,1,5,1225,109,1983,0,98082,47.4,-122.13,1129428
4242,7758,3,1.2,3.0,0,3,5,10,3916,326,1951,0,98154,47.47,-122.11,2061724
800,10293,1,2.0,2.5,0,2,3,4,763,37,1998,0,98100,47.77,-122.21,702764
2727,9986,5,3.6,1.0,0,1,2,11,2521,206,1991,0,98148,47.39,-122.18,1561976
2274,11537,5,2.3,2.0,0,4,2,5,1883,391,1929,0,98044,47.57,-122.21,1236453
3014,12453,5,1.7,2.5,0,1,1,10,2328,686,1922,0,98048,47.58,-122.35,1607670
3322,11050,4,2.5,2.0,0,4,5,7,2444,878,1911,0,98117,47.5,-122.26,1722263
1770,11153,3,4.0,3.0,0,2,5,6,1326,444,1922,0,98009,47.62,-122.34,1205867
800,9142,3,2.1,1.5,0,3,2,12,757,43,1916,2008,98001,47.58,-122.22,1007455
1782,3090,6,4.1,1.5,0,1,4,4,1632,150,1905,2008,98011,47.61,-122.22,1369584
1201,8471,2,3.8,2.5,0,3,5,9,1110,91,1985,0,98050,47.33,-122.13,976784
888,4295,2,3.6,3.0,0,3,2,10,632,256,1905,0,98038,47.54,-122.37,913141
2478,2032,1,2.5,2.5,0,3,2,12,2306,172,1931,0,98025,47.36,-122.39,1530606
3042,6649,2,1.4,3.0,1,2,3,5,2445,597,1917,0,98088,47.61,-122.13,1804111
970,10328,5,3.5,2.5,0,1,5,6,737,233,1953,2001,98024,47.51,-122.37,1139554
2246,2423,2,2.9,3.0,0,2,2,11,1949,297,1975,0,98108,47.78,-122.29,1358341
2245,9341,4,1.4,2.5,0,4,5,8,1700,545,1951,0,98181,47.46,-122.15,1380395
3739,6356,4,3.4,2.5,0,0,4,8,3733,6,1984,0,98168,47.4,-122.11,1974845
2449,1450,1,1.3,2.5,0,3,4,11,1803,646,1997,0,98077,47.52,-122.25,1347096
3647,3202,1,3.7,2.0,0,0,5,6,2817,830,1909,0,98004,47.76,-122.39,1530414
800,10105,1,4.0,1.5,0,0,2,12,702,98,1992,0,98173,47.42,-122.31,838480
1394,1805,2,1.4,2.0,0,2,2,9,1039,355,1948,0,98151,47.51,-122.19,966670
800,6372,3,2.8,1.0,0,0,5,7,785,15,1993,0,98164,47.68,-122.19,846081
1339,6784,5,2.5,2.5,0,4,4,10,1327,12,1936,0,98145,47.53,-122.14,1148672
1616,5928,4,4.4,2.5,0,3,5,7,1313,303,1965,0,98010,47.53,-122.3,1182227
2042,4926,2,3.5,2.5,0,4,1,4,1602,440,1984,0,98049,47.31,-122.17,1164214
1213,2264,3,3.7,1.0,0,0,5,4,1208,5,2007,0,98006,47.75,-122.16,1074307
2643,7423,6,2.8,2.5,0,0,4,8,1963,680,1917,0,98057,47.44,-122.28,1378262
2219,6679,6,1.2,2.5,0,4,2,8,1867,352,2011,0,98115,47.43,-122.3,1338321
2519,12422,3,4.3,1.5,0,3,1,4,1781,738,1901,0,98100,47.67,-122.34,1288953
1853,5429,5,2.8,1.0,0,1,1,11,1751,102,1922,0,98079,47.31,-122.33,1248138
2050,6789,3,3.0,2.0,0,3,1,8,1572,478,1900,0,98123,47.3,-122.21,982343
2573,7787,2,3.3,1.0,0,3,2,10,2101,472,1937,0,98137,47.73,-122.33,1496581
1499,2514,4,3.9,1.0,0,1,3,9,1169,330,1947,0,98166,47.35,-122.15,1141025
1618,7840,2,2.6,2.5,0,3,1,6,1427,191,2002,0,98198,47.55,-122.1,1203851
1523,1391,6,3.9,3.0,0,2,3,9,1375,148,1950,2001,98093,47.47,-122.21,1171800
2201,3561,6,3.7,1.5,1,4,3,8,1798,403,1903,0,98003,47.52,-122.31,1797782
1390,12939,4,2.5,3.0,0,4,3,9,1259,131,2003,0,98081,47.65,-122.4,1094339
1367,11686,3,3.8,2.0,0,3,5,7,1306,61,1912,0,98181,47.58,-122.24,1158088
800,3802,6,3.0,3.0,1,4,2,10,601,199,1909,0,98162,47.52,-122.39,1310110
1739,5700,1,2.9,1.0,0,4,3,9,1374,365,1985,0,98079,47.62,-122.15,1202099
3587,11428,6,3.8,3.0,1,4,5,6,2825,762,1909,0,98123,47.65,-122.16,2127131
3733,8681,5,1.5,2.5,0,2,2,10,2765,968,1952,1994,98053,47.72,-122.19,1757874
2359,5369,5,4.0,1.5,0,3,3,11,1848,511,2015,0,98102,47.65,-122.18,1626585
2957,3982,4,4.4,1.0,0,3,3,6,2155,802,2007,0,98069,47.73,-122.26,1604158
1544,1380,5,1.2,1.0,0,4,2,8,1387,157,2001,0,98026,47.46,-122.36,1129061
2187,11505,5,2.6,2.0,0,2,2,9,2081,106,1910,0,98097,47.58,-122.34,1397203
2541,10220,4,2.8,1.5,0,0,2,9,1920,621,1983,1994,98086,47.77,-122.28,1409759
1247,6836,5,2.1,1.0,0,2,5,6,970,277,1991,0,98133,47.75,-122.19,984321
2887,3109,2,3.4,3.0,0,1,2,7,2318,569,1966,0,98058,47.61,-122.17,1527353
2511,5655,1,1.1,2.0,0,3,5,12,1883,628,1945,0,98192,47.55,-122.13,1493002
1731,6006,3,4.4,2.5,0,2,1,6,1332,399,1915,0,98011,47.72,-122.25,957413
1866,6634,2,4.2,2.5,0,4,4,4,1568,298,1934,0,98054,47.47,-122.23,1184433
4018,18196,5,1.5,2.0,0,4,5,7,3013,1005,1935,0,98178,47.36,-122.29,1859493
1549,9191,3,3.9,1.0,0,3,3,4,1542,7,2002,2008,98002,47.35,-122.17,900315
1924,10564,4,2.7,2.5,0,0,2,4,1896,28,2005,0,98161,47.54,-122.14,1123525
1296,11622,5,2.0,1.5,0,3,3,6,1064,232,1961,1995,98173,47.59,-122.13,960254
3484,4160,4,4.2,2.5,0,4,5,12,2503,981,1932,0,98030,47.41,-122.17,1877287
1450,6697,3,3.2,1.0,0,3,3,10,1038,412,1901,1998,98172,47.36,-122.23,1021760
2095,10636,6,2.7,1.5,0,2,1,5,1867,228,1970,2011,98055,47.45,-122.39,1331453
2390,2959,1,4.1,1.0,0,2,2,5,1776,614,2003,2001,98022,47.44,-122.27,1126550
1277,5556,6,2.8,1.0,0,2,4,11,1224,53,1904,0,98128,47.37,-122.4,1161301
1852,12084,2,3.6,2.5,0,2,5,6,1445,407,1915,0,98026,47.39,-122.29,929805
1507,7088,1,2.5,3.0,1,2,1,5,1147,360,1929,0,98039,47.55,-122.27,1304206
1536,10677,1,2.6,3.0,0,1,4,6,1368,168,1950,1996,98104,47.35,-122.21,1110565
3285,6367,3,1.2,2.5,0,4,2,6,3218,67,1934,0,98120,47.73,-122.29,1751006
2790,1000,4,3.3,2.0,0,3,5,4,2516,274,1962,0,98012,47.34,-122.3,1455151
3276,4702,2,1.7,2.0,0,3,2,12,2312,964,1973,2008,98002,47.43,-122.1,1654591
2951,8745,2,2.3,3.0,0,4,3,9,2526,425,1943,0,98173,47.64,-122.19,1545865
1184,4948,4,1.8,3.0,0,2,5,6,1030,154,1965,0,98161,47.44,-122.28,969018
2385,1000,1,1.1,1.5,0,4,2,8,2351,34,1984,0,98061,47.34,-122.19,1357036
3374,7577,6,2.1,2.0,0,2,5,6,2982,392,1924,1992,98076,47.68,-122.22,1737468
1379,10005,2,3.3,1.5,0,4,5,10,1363,16,1995,0,98112,47.74,-122.36,1270194
1672,8679,5,4.4,1.5,0,0,5,9,1330,342,1973,0,98049,47.49,-122.27,1181302
1997,12117,1,1.3,3.0,0,0,3,4,1612,385,1992,0,98019,47.7,-122.3,1008878
1645,11800,1,3.9,1.5,0,4,1,6,1269,376,1998,0,98034,47.47,-122.37,1034812
1683,1000,3,2.9,2.5,0,4,2,7,1318,365,1931,0,98027,47.68,-122.34,1086973
3241,5822,1,3.5,3.0,0,1,5,12,2461,780,1953,2015,98031,47.46,-122.13,1712821
1952,4117,5,3.0,2.0,0,3,2,5,1902,50,1908,0,98064,47.32,-122.18,1205076
958,8037,4,1.0,2.0,0,3,3,8,728,230,1928,0,98154,47.46,-122.21,969851
2875,1000,2,1.4,3.0,0,1,2,9,2360,515,1908,0,98191,47.64,-122.35,1583681
2134,14649,3,1.1,3.0,0,2,5,7,1686,448,1949,0,98069,47.43,-122.25,1256816
2070,8087,1,3.9,1.5,0,2,4,7,1804,266,1965,0,98151,47.55,-122.25,1218414
1899,3971,6,3.8,2.0,0,2,2,11,1726,173,1923,1997,98047,47.3,-122.21,1392857
2877,10965,2,1.9,1.5,0,3,2,9,2120,757,1971,0,98100,47.69,-122.16,1429229
1786,3428,2,1.5,1.5,0,3,4,8,1315,471,1903,2001,98112,47.55,-122.25,1064537
1957,8800,3,3.3,2.0,0,4,2,6,1804,153,1947,0,98041,47.38,-122.16,1242495
1741,8454,3,4.1,2.0,1,3,3,6,1542,199,1984,0,98161,47.74,-122.26,1559424
2170,11160,4,4.4,2.0,0,3,5,5,2123,47,1901,0,98183,47.69,-122.21,1353905
2956,8809,5,3.0,2.0,0,3,1,11,2194,762,1916,0,98057,47.34,-122.31,1550744
2928,12347,2,2.1,2.0,0,2,3,4,2193,735,1907,0,98092,47.48,-122.24,1391501
1691,12063,6,3.3,3.0,0,3,1,8,1343,348,1968,2013,98115,47.55,-122.24,1209319
1920,3990,1,1.8,1.0,0,3,5,10,1416,504,1900,1993,98030,47.63,-122.37,977838
2999,13212,4,3.9,3.0,0,0,2,10,2565,434,1954,0,98062,47.78,-122.24,1716476
2049,5603,4,1.8,3.0,0,1,4,11,1743,306,1919,0,98101,47.47,-122.12,1335646
2285,11105,4,3.4,2.0,0,2,5,10,1791,494,2013,0,98136,47.51,-122.17,1511958
800,4843,2,2.5,2.0,0,1,4,4,718,82,1907,0,98181,47.45,-122.18,513315
1608,5066,1,1.4,1.5,0,0,2,9,1602,6,1942,1991,98182,47.35,-122.18,1100661
1686,2142,3,1.9,1.0,0,3,3,7,1459,227,1908,0,98182,47.43,-122.39,1051797
2865,16798,3,3.2,1.0,0,3,2,5,2862,3,2012,2012,98046,47.6,-122.38,1513696
2709,10318,3,1.9,2.5,0,4,4,4,2519,190,1986,0,98011,47.62,-122.11,1495242
2420,8306,5,3.2,2.5,0,2,3,5,1955,465,1963,1995,98016,47.55,-122.11,1272040
800,10496,2,3.5,1.0,0,4,5,7,649,151,1924,1999,98093,47.4,-122.38,987042
1881,7442,4,3.3,2.5,0,0,5,10,1513,368,2000,2005,98097,47.72,-122.16,1208167
2140,9418,1,1.5,2.5,0,1,5,10,1540,600,1980,0,98124,47.72,-122.29,1312306
2253,12294,6,1.4,3.0,0,0,3,9,1914,339,2006,0,98019,47.61,-122.11,1261865
2657,9129,1,3.0,2.0,0,1,4,4,2112,545,2000,0,98052,47.43,-122.39,1313470
2451,1000,6,3.6,3.0,0,0,5,12,2012,439,1985,1993,98006,47.65,-122.23,1521180
800,7000,6,1.6,1.0,0,3,5,11,696,104,1988,0,98066,47.67,-122.37,1051777
1365,14424,3,3.5,3.0,0,2,1,11,1240,125,2014,0,98094,47.5,-122.13,1208263
2825,10151,3,2.8,1.5,0,2,4,9,2739,86,1975,0,98023,47.34,-122.22,1638121
2230,5827,2,3.5,1.0,0,1,3,11,1636,594,1969,0,98106,47.68,-122.11,1319017
1953,12515,3,3.9,1.0,0,0,2,11,1565,388,1930,0,98010,47.52,-122.17,1202022
2078,13325,3,1.3,2.0,0,3,4,9,1882,196,1949,0,98143,47.73,-122.3,1279026
1559,1391,6,1.2,3.0,0,1,1,6,1253,306,1919,0,98149,47.68,-122.3,937772
1573,9349,6,2.0,2.5,0,3,5,11,1347,226,1953,0,98080,47.43,-122.14,1529114
3406,1088,5,2.9,2.5,0,1,4,6,2750,656,2005,0,98158,47.31,-122.4,1650863
1714,1886,6,3.9,1.0,0,2,4,11,1374,340,1908,0,98150,47.41,-122.36,1225486
2748,17201,3,1.3,2.0,0,4,1,9,2201,547,1960,0,98066,47.7,-122.26,1435895
1312,5694,4,3.5,3.0,1,2,2,4,1219,93,1972,0,98125,47.67,-122.14,1551017
1762,7692,4,2.6,1.0,0,1,1,4,1549,213,1959,1991,98169,47.57,-122.23,938011
4022,9246,2,2.0,3.0,0,3,3,11,3004,1018,2000,0,98082,47.59,-122.36,2082623
800,1334,4,4.1,1.0,0,0,2,10,758,42,1953,2002,98001,47.64,-122.32,958738
1804,6188,2,1.2,2.0,0,2,5,4,1663,141,1909,0,98059,47.39,-122.37,1009375
1764,7657,1,1.8,1.5,0,0,4,5,1750,14,1993,0,98130,47.33,-122.24,1130801
2709,5685,5,2.1,1.5,0,1,3,9,2399,310,1942,0,98021,47.6,-122.18,1515858
3446,11293,4,2.8,2.5,0,0,3,6,2432,1014,1962,0,98158,47.8,-122.21,1551860
1076,5076,1,4.4,1.5,0,3,5,12,811,265,1915,2002,98163,47.51,-122.18,977577
1145,6764,6,1.7,1.5,0,0,1,12,827,318,1903,0,98138,47.3,-122.12,840118
3796,6587,1,4.2,1.5,0,1,1,9,2784,1012,2003,2007,98158,47.54,-122.2,1804070
2884,10570,6,1.8,1.0,0,0,5,8,2069,815,1919,0,98175,47.49,-122.17,1524326
2391,15562,6,2.4,2.5,0,2,5,7,2079,312,1967,0,98125,47.5,-122.21,1555277
3219,4985,4,1.6,2.0,0,4,2,8,2622,597,1985,0,98142,47.64,-122.39,1651056
3312,9026,6,1.5,2.0,0,1,1,11,2410,902,1911,0,98078,47.57,-122.2,1660259
2129,1000,3,4.3,1.5,0,0,5,10,1562,567,2005,0,98174,47.51,-122.24,1425786
3365,5873,1,2.2,1.0,0,3,1,11,2711,654,1972,0,98087,47.74,-122.39,1648866
3041,8878,1,1.8,2.5,0,0,2,6,2772,269,2002,0,98057,47.39,-122.15,1489989
1551,12395,5,2.2,3.0,0,3,5,6,1092,459,1940,0,98130,47.65,-122.39,1164858
1420,10723,5,3.1,3.0,0,3,4,4,995,425,2014,0,98010,47.43,-122.21,1048139
2985,6942,6,1.9,2.5,0,3,1,8,2443,542,1963,2007,98190,47.34,-122.19,1660496
2593,6870,5,2.8,2.0,0,0,2,4,2169,424,2009,0,98186,47.53,-122.4,1266582
1698,1000,5,1.5,2.0,0,1,3,6,1454,244,1971,0,98068,47.79,-122.33,1061699
2120,5173,5,2.7,2.5,1,4,3,9,1681,439,1940,0,98073,47.76,-122.19,1727918
1828,3962,5,3.9,1.5,0,0,4,8,1827,1,1973,2004,98031,47.54,-122.2,1327840
2123,3954,3,2.4,3.0,0,3,4,12,1492,631,1991,2002,98061,47.55,-122.16,1480615
1471,8131,1,1.2,1.0,0,1,3,5,1154,317,1989,0,98030,47.38,-122.25,903480
2418,13453,5,3.7,2.0,0,3,2,12,2214,204,1995,0,98109,47.34,-122.31,1752277
1129,10395,5,4.1,2.0,0,3,1,8,1039,90,1937,0,98092,47.55,-122.27,1178580
3217,9008,2,1.8,3.0,0,2,3,8,2975,242,1982,2002,98156,47.63,-122.26,1626436
800,3672,4,2.4,3.0,0,3,2,12,781,19,2010,2014,98177,47.43,-122.13,1089757
1739,10359,3,2.9,1.0,0,1,3,11,1549,190,2002,0,98078,47.76,-122.31,1319341
800,5768,3,2.3,1.5,0,1,1,10,624,176,1939,0,98169,47.61,-122.23,836540
2211,5326,5,4.4,2.5,0,0,2,7,1925,286,1917,0,98161,47.52,-122.39,1284259
800,9695,4,1.5,1.5,0,1,4,5,726,74,1936,1996,98191,47.57,-122.35,680468
800,2179,1,1.2,1.5,0,4,1,9,756,44,1969,2013,98031,47.34,-122.34,930198
1843,1000,2,2.1,2.5,0,1,2,5,1654,189,1920,1990,98065,47.6,-122.23,908069
2518,19859,1,4.3,1.0,0,0,1,12,2248,270,2005,0,98049,47.63,-122.3,1551833
955,11103,5,4.1,2.5,0,1,3,12,806,149,1980,2003,98170,47.56,-122.31,1090916
1951,4580,1,1.9,1.0,0,3,5,6,1479,472,1973,0,98031,47.39,-122.23,1264989
2461,6076,5,1.2,3.0,0,1,4,7,2205,256,1930,2009,98036,47.71,-122.3,1289635
1933,8670,5,3.5,2.0,0,0,3,7,1447,486,1984,1993,98147,47.79,-122.12,1152286
2336,6547,4,2.6,2.5,0,1,1,11,1896,440,1960,0,98189,47.35,-122.19,1270159
2243,1000,1,1.3,2.0,0,4,3,10,1630,613,2008,0,98086,47.79,-122.23,1278528
1208,12287,1,4.1,2.0,0,4,4,8,867,341,1918,2015,98134,47.64,-122.31,933004
2395,9384,3,1.8,2.5,0,0,1,10,1981,414,1954,0,98001,47.71,-122.25,1082199
800,9161,5,1.7,1.5,0,4,4,8,595,205,1952,0,98017,47.67,-122.38,942327
2616,5102,2,1.7,2.5,0,2,5,6,2009,607,1932,2015,98090,47.34,-122.36,1272850
1012,12411,3,3.9,1.0,0,4,5,8,979,33,1998,0,98011,47.74,-122.1,983863
3437,4550,1,4.0,1.0,0,3,1,9,3268,169,1954,0,98167,47.47,-122.15,1708136
800,8751,5,4.0,1.5,0,4,3,5,573,227,1948,0,98087,47.66,-122.33,898311
2269,3924,4,4.0,3.0,0,4,1,11,1863,406,1903,0,98161,47.44,-122.16,1513618
2669,3185,6,4.1,1.0,0,3,5,10,2638,31,1989,0,98062,47.47,-122.24,1826300
2659,12239,2,3.0,1.5,0,2,2,4,2079,580,1972,0,98199,47.44,-122.28,1233550
1905,8427,1,3.9,3.0,0,3,2,8,1558,347,1988,0,98019,47.6,-122.1,1200510
2747,9623,3,3.0,2.5,0,0,5,12,2078,669,1944,0,98128,47.71,-122.18,1633206
1484,8804,1,2.0,3.0,0,0,4,9,1080,404,2015,0,98014,47.65,-122.31,933669
1741,7416,3,3.5,2.0,0,0,1,12,1587,154,1943,0,98008,47.41,-122.15,1295792
1231,15956,1,3.9,2.0,0,0,2,4,1227,4,1960,0,98025,47.67,-122.31,890309
1643,9742,5,3.3,1.0,0,2,5,12,1564,79,1921,0,98052,47.62,-122.38,1321769
2558,3464,4,1.6,2.0,0,1,4,12,2128,430,1949,1993,98173,47.6,-122.3,1500418
1866,5288,6,4.1,3.0,0,1,5,9,1691,175,1986,2006,98180,47.6,-122.38,1427051
2570,10413,1,1.7,3.0,0,4,1,10,2358,212,1968,0,98030,47.48,-122.32,1591514
2916,6047,5,1.6,2.0,0,3,2,4,2885,31,1976,0,98131,47.39,-122.23,1589724
3412,9021,6,3.7,2.0,0,3,1,12,2533,879,1902,0,98143,47.36,-122.26,1910105
1294,14735,4,2.2,2.5,0,0,5,10,997,297,1953,0,98095,47.78,-122.33,1112577
1991,10589,5,1.2,2.5,0,4,2,11,1426,565,1954,0,98183,47.53,-122.16,1224142
1190,8204,2,1.7,2.5,0,3,5,11,1095,95,1950,0,98169,47.52,-122.39,1163916
1976,3260,4,1.4,2.5,0,1,5,9,1953,23,1917,0,98116,47.31,-122.38,1316951
2196,13390,3,1.4,3.0,0,4,5,6,1554,642,1982,0,98174,47.75,-122.24,1300156
1712,7316,1,3.2,2.0,0,4,5,8,1497,215,1918,0,98033,47.51,-122.2,1120804
1403,10398,4,4.0,1.5,0,0,3,5,1163,240,1955,0,98059,47.43,-122.12,1011782
2214,10986,2,2.3,1.5,0,2,4,6,1672,542,1943,0,98025,47.5,-122.36,1349653
2389,7076,1,3.0,1.5,0,2,2,11,2260,129,1950,0,98146,47.36,-122.4,1527143
2966,3194,4,2.0,2.0,0,1,5,11,2197,769,2006,0,98080,47.31,-122.23,1518095
1046,6367,4,2.3,1.5,0,2,1,11,1012,34,1965,0,98114,47.52,-122.33,928287
1011,1000,2,2.6,1.0,0,2,5,9,929,82,1978,0,98111,47.54,-122.23,916501
2737,8329,3,4.0,3.0,0,3,5,7,2250,487,1996,0,98055,47.68,-122.26,1567345
2029,6659,1,3.8,2.5,0,2,3,6,1683,346,1906,1998,98157,47.52,-122.26,1087815
2333,9249,6,1.3,2.0,0,2,1,5,2237,96,2010,2009,98142,47.66,-122.3,1345516
1313,6941,5,3.0,1.5,0,0,1,4,1069,244,2007,0,98172,47.66,-122.12,922059
1587,15640,4,4.5,2.0,1,3,5,11,1172,415,1967,0,98044,47.32,-122.32,1823245
2037,5675,2,1.8,2.0,0,2,3,10,1519,518,1972,0,98106,47.44,-122.16,1347336
2606,1000,2,2.1,3.0,0,4,1,9,2538,68,1910,0,98169,47.78,-122.21,1427548
1395,3421,2,1.4,1.5,0,4,1,11,1214,181,1955,2009,98002,47.65,-122.39,1065359
3069,2541,6,2.4,1.5,0,1,4,8,2338,731,1922,0,98148,47.59,-122.26,1615070
1454,10263,4,1.8,2.0,0,1,3,12,1065,389,1962,0,98131,47.44,-122.14,1154903
2063,3796,3,2.7,2.5,0,0,3,12,1880,183,1962,0,98077,47.69,-122.29,1356066
2496,3100,6,2.9,2.5,0,2,5,8,1861,635,1965,0,98049,47.71,-122.34,1452225
1807,6117,1,1.9,1.5,0,1,2,12,1435,372,1916,0,98114,47.35,-122.2,1144442
2416,8064,6,1.2,2.5,0,4,4,9,1788,628,1987,0,98052,47.5,-122.18,1474263
1721,9894,1,1.2,2.5,0,1,3,12,1460,261,1965,0,98050,47.55,-122.31,1222756
827,4841,1,1.8,1.0,0,4,5,10,741,86,1924,0,98158,47.36,-122.12,856806
2503,9585,5,2.7,2.5,0,4,3,7,2214,289,1992,0,98138,47.74,-122.28,1638542
1737,7119,6,4.3,1.5,0,2,3,12,1341,396,1949,0,98104,47.75,-122.37,1380479
3604,10438,3,1.4,1.0,0,2,3,4,3405,199,1917,2008,98055,47.63,-122.13,1756865
1778,10384,3,1.2,3.0,0,3,1,11,1373,405,1960,0,98010,47.31,-122.36,1160110
2390,4799,5,2.0,2.0,0,2,3,4,2344,46,1912,0,98090,47.43,-122.36,1198239
1977,6116,2,3.8,3.0,0,3,1,7,1446,531,1982,0,98012,47.66,-122.12,1184341
2433,4415,2,2.9,1.5,0,2,4,11,2032,401,1992,2010,98059,47.75,-122.37,1396904
3048,2418,2,2.4,3.0,0,4,5,6,2968,80,1951,0,98156,47.79,-122.4,1540084
3529,5835,1,2.1,3.0,0,2,2,6,2485,1044,1938,0,98101,47.61,-122.19,1570181
1490,6275,5,3.1,1.0,0,1,3,11,1231,259,1908,0,98162,47.47,-122.11,1123253
2745,11978,4,4.2,1.5,0,4,2,7,2492,253,1991,1994,98140,47.72,-122.11,1651084
1319,10148,5,3.8,1.0,0,4,4,4,1002,317,1937,0,98159,47.7,-122.22,1004299
2621,5376,1,2.5,3.0,0,3,5,7,2545,76,2010,0,98198,47.51,-122.36,1444004
800,12702,4,4.3,2.0,0,4,1,10,562,238,1932,0,98047,47.67,-122.14,980950
1382,13911,6,2.2,1.0,0,2,1,12,1304,78,1988,0,98080,47.53,-122.24,1233307
1853,13679,4,4.0,2.0,0,3,1,5,1619,234,1929,0,98139,47.41,-122.23,1213934
800,9468,4,3.9,2.5,0,3,5,12,672,128,2009,0,98134,47.78,-122.18,1077104
800,11570,5,4.0,3.0,0,1,5,10,759,41,1905,2010,98018,47.55,-122.29,1039194
2068,4881,4,4.3,2.5,0,2,1,6,1682,386,1983,0,98096,47.75,-122.27,1122148
1534,10959,3,4.5,1.0,1,2,5,11,1196,338,1931,0,98131,47.47,-122.18,1646160
2268,1000,4,3.4,1.0,0,0,3,10,2212,56,1955,2014,98058,47.49,-122.11,1433591
2285,7159,1,2.9,2.0,0,4,3,6,1609,676,1996,2005,98012,47.33,-122.13,1342395
3041,13518,5,1.0,3.0,0,3,5,8,2212,829,2000,2015,98076,47.34,-122.16,1651870
1775,10302,2,4.5,3.0,0,0,1,6,1468,307,1978,0,98123,47.67,-122.4,1164597
2243,4013,2,2.6,1.5,1,3,5,12,1895,348,1998,0,98069,47.38,-122.25,1899493
2586,11933,2,2.7,1.0,0,4,5,11,2561,25,1914,2006,98043,47.69,-122.24,1539427
1778,7197,4,3.3,2.5,0,2,4,9,1679,99,1914,0,98140,47.36,-122.11,1341913
2007,8995,1,2.4,1.5,0,1,4,10,1903,104,1952,0,98181,47.64,-122.16,1229744
1921,1000,1,4.3,1.0,0,3,2,6,1920,1,1969,0,98082,47.63,-122.31,1195920
1676,5738,3,4.1,1.0,0,1,1,12,1431,245,1946,0,98156,47.3,-122.28,1250434
2425,14345,1,2.3,1.0,0,1,5,10,2296,129,1971,0,98064,47.62,-122.38,1621684
1127,7331,1,2.5,3.0,0,1,2,6,867,260,1971,0,98154,47.35,-122.4,821009
1031,1403,4,1.9,2.0,0,1,5,4,889,142,2008,0,98107,47.58,-122.12,899623
2909,7550,2,3.9,3.0,0,3,5,12,2504,405,1997,0,98048,47.35,-122.18,1745903
1631,1803,6,1.4,1.0,0,3,2,5,1353,278,1905,2010,98008,47.78,-122.4,972325
2484,3392,2,3.8,2.5,0,3,2,6,1783,701,1979,0,98019,47.65,-122.24,1304162
2469,1000,4,2.5,3.0,0,0,4,11,2313,156,1901,1999,98086,47.6,-122.11,1546371
1465,17343,3,2.6,1.0,0,0,1,9,1354,111,1976,0,98079,47.64,-122.34,1065900
3914,10708,3,4.1,1.0,1,3,5,12,3706,208,1987,0,98031,47.66,-122.12,2663268
2426,11900,1,1.8,1.5,0,4,3,11,2285,141,1971,0,98072,47.44,-122.26,1418035
1987,1000,3,2.5,1.5,0,3,1,7,1844,143,1968,2004,98083,47.6,-122.34,1172161
1533,5344,3,2.3,2.0,0,0,5,12,1187,346,2006,0,98001,47.31,-122.32,1268219
2166,7366,6,2.4,3.0,0,4,1,11,2017,149,1962,2009,98116,47.45,-122.2,1615660
1229,17742,5,1.4,3.0,0,1,5,4,1048,181,1995,0,98020,47.5,-122.36,873290
2115,13856,6,2.7,1.5,0,3,5,12,1506,609,1979,0,98080,47.34,-122.39,1507042
910,10976,4,3.1,2.5,0,2,5,11,908,2,2011,0,98054,47.37,-122.27,1182130
800,8623,3,2.4,2.0,1,1,5,10,634,166,1976,0,98158,47.69,-122.29,1459292
2525,1000,5,4.1,2.5,0,2,2,5,2519,6,1931,1994,98177,47.54,-122.39,1432422
3663,6336,3,3.1,1.0,0,2,2,11,3425,238,1945,0,98085,47.51,-122.23,1875646
1047,12737,3,3.5,2.5,0,4,3,4,1026,21,1988,2004,98016,47.48,-122.4,951767
1559,2604,6,3.9,2.5,1,0,1,11,1361,198,1986,0,98076,47.48,-122.13,1680450
2665,10607,3,2.9,3.0,0,0,2,5,2450,215,2003,1995,98128,47.34,-122.26,1503198
2144,15694,1,1.1,3.0,0,0,3,4,1504,640,1913,2012,98126,47.79,-122.28,848576
1610,5471,6,3.1,2.5,0,4,1,5,1492,118,1999,0,98174,47.76,-122.31,1224204
2464,1000,5,1.6,1.5,0,4,5,7,1744,720,1985,0,98178,47.47,-122.16,1455423
2510,2926,3,1.0,1.0,0,0,5,12,2311,199,1937,0,98087,47.36,-122.22,1416072
1935,13922,4,3.3,3.0,0,3,5,12,1731,204,1979,0,98031,47.31,-122.19,1352938
2546,6874,2,2.8,2.0,0,2,5,7,2146,400,1915,2010,98085,47.7,-122.29,1326100
2165,10827,6,2.2,1.0,0,0,3,8,1891,274,2001,0,98145,47.34,-122.38,1380510
1923,6990,3,3.2,2.0,0,2,3,6,1411,512,1967,0,98042,47.74,-122.25,1119258
3030,3670,3,3.9,2.5,0,1,1,9,2789,241,1909,0,98158,47.46,-122.11,1537352
1861,1000,3,2.7,3.0,0,3,2,5,1820,41,1947,0,98054,47.46,-122.23,1101456
1544,9143,4,3.6,1.5,0,3,3,12,1478,66,1980,0,98165,47.35,-122.2,1381632
2509,10653,4,3.7,1.0,0,4,2,6,2324,185,1957,0,98121,47.5,-122.11,1513711
1028,4530,6,3.1,3.0,0,3,1,10,879,149,1933,0,98156,47.38,-122.36,1058510
1680,3111,1,3.8,3.0,0,3,2,10,1296,384,2011,0,98048,47.58,-122.28,1288453
3744,5114,6,3.3,3.0,0,4,3,11,3675,69,1980,0,98133,47.64,-122.2,2051494
2524,1438,3,3.3,1.5,0,2,2,11,2073,451,2005,0,98114,47.39,-122.21,1546969
800,5093,2,1.5,1.0,0,3,3,8,636,164,1936,0,98198,47.62,-122.17,813477
2423,7038,5,2.0,2.0,0,0,5,8,1889,534,2009,0,98028,47.69,-122.21,1486068
3885,10201,5,1.0,1.0,0,0,2,4,3502,383,1908,0,98115,47.41,-122.31,1665425
4119,1913,2,3.8,2.0,0,3,3,4,3393,726,1914,0,98142,47.74,-122.25,1715825
1841,9247,3,3.0,3.0,0,0,5,6,1637,204,1974,0,98024,47.53,-122.33,1187661
2550,12354,2,3.1,1.0,0,3,3,6,2168,382,1910,0,98140,47.43,-122.36,1359808
1807,5665,4,1.4,2.5,0,3,2,9,1643,164,1985,2003,98146,47.52,-122.34,1279066
2304,1000,3,1.1,2.5,0,3,5,6,2136,168,1937,2014,98104,47.36,-122.26,1443046
2158,12098,3,2.0,3.0,0,1,2,11,1848,310,1915,0,98101,47.71,-122.11,1357783
1032,10977,4,1.3,3.0,0,4,1,12,949,83,1977,0,98056,47.5,-122.33,1319332
2679,16977,6,4.2,3.0,1,2,4,7,1896,783,1932,0,98027,47.47,-122.38,2097211
2537,4862,2,3.6,1.0,0,3,5,9,2318,219,1900,0,98180,47.6,-122.25,1380307
1507,7406,5,2.5,2.0,0,2,2,9,1420,87,2010,0,98161,47.52,-122.19,1391693
1071,5478,4,4.4,1.5,0,2,4,11,923,148,1988,0,98131,47.33,-122.1,1194239
2417,11226,3,2.2,1.0,0,4,2,12,2297,120,2007,2015,98177,47.39,-122.37,1623455
3536,9102,4,1.2,1.5,0,4,2,10,2678,858,2010,2001,98008,47.55,-122.23,1856257
2278,10689,4,4.1,2.0,0,1,5,8,1990,288,1994,0,98091,47.62,-122.31,1577186
2287,13762,4,2.7,2.0,0,2,3,4,1815,472,1948,0,98126,47.45,-122.38,1176689
2247,6502,1,1.4,3.0,0,4,3,5,1751,496,2001,0,98071,47.76,-122.24,1229087
800,13510,6,1.1,2.5,0,3,2,7,758,42,1981,0,98171,47.65,-122.31,828120
1259,3861,6,1.5,1.5,0,3,5,12,1093,166,2013,0,98180,47.7,-122.13,1306634
1707,1000,4,1.3,1.5,0,4,3,4,1701,6,2013,0,98149,47.52,-122.27,997969
1866,11476,5,2.8,3.0,0,0,4,9,1638,228,1904,0,98051,47.34,-122.29,1316381
2982,12369,4,3.1,3.0,0,0,4,8,2412,570,1919,1994,98045,47.39,-122.21,1520826
800,9730,5,3.2,2.0,0,3,1,8,788,12,1914,2007,98065,47.44,-122.35,900030
3495,17119,2,3.4,1.0,0,3,2,5,3001,494,1961,0,98013,47.61,-122.12,1631111
2276,11410,4,1.6,1.0,0,1,4,6,1747,529,1932,0,98073,47.64,-122.22,1195094
1556,3747,4,2.6,1.5,1,4,2,11,1134,422,1964,0,98146,47.45,-122.12,1719028
1069,7727,2,3.1,2.5,0,3,5,4,889,180,1999,0,98187,47.46,-122.14,774627
1771,5573,4,2.3,1.5,0,0,2,6,1357,414,1984,0,98067,47.37,-122.36,1023015
1120,12206,2,2.6,1.5,0,4,2,8,899,221,2006,0,98009,47.56,-122.16,958582
2055,1268,1,3.7,1.5,1,3,2,10,1893,162,2012,0,98028,47.52,-122.11,1854522
2727,4207,4,2.5,2.0,0,4,5,6,2369,358,1918,0,98081,47.32,-122.28,1458227
2488,4103,2,3.3,1.5,0,2,5,6,2341,147,1934,0,98017,47.63,-122.37,1284067
2123,12257,5,3.1,3.0,0,0,4,8,2073,50,1946,0,98039,47.62,-122.15,1353756
814,9079,3,2.3,1.0,0,4,4,4,742,72,1992,0,98198,47.65,-122.28,791974
1203,9914,6,3.1,2.5,0,4,1,7,955,248,1919,1992,98175,47.49,-122.15,1048759
2049,9431,5,2.1,3.0,0,2,4,7,1504,545,1900,0,98161,47.4,-122.25,1265324
2308,9628,4,2.6,1.5,0,1,1,4,1794,514,2003,2007,98101,47.31,-122.18,1206841
2257,4899,4,3.7,3.0,0,4,5,11,1955,302,1925,1993,98012,47.43,-122.15,1621387
1708,14081,3,1.1,2.0,0,3,4,12,1621,87,1962,0,98182,47.64,-122.21,1262906
1028,12485,2,3.7,2.5,0,2,2,4,741,287,1908,0,98059,47.37,-122.11,809209
1116,9697,3,1.9,3.0,0,2,2,11,867,249,1999,0,98172,47.32,-122.27,999641
3094,12869,1,1.1,1.0,0,1,5,12,2642,452,1937,0,98005,47.51,-122.12,1562394
2579,9042,4,2.5,2.0,0,1,5,7,1817,762,1956,2003,98072,47.34,-122.31,1318792
2360,9356,1,2.6,2.5,0,4,2,8,2132,228,1915,0,98157,47.7,-122.26,1462238
2266,3591,4,1.6,1.5,0,3,5,4,2122,144,2004,0,98032,47.8,-122.16,1441561
3070,6129,4,3.8,3.0,0,2,1,5,2189,881,1972,0,98140,47.59,-122.14,1444243
2070,1000,6,2.4,1.0,0,0,4,10,1452,618,1913,0,98077,47.44,-122.17,1305629
2628,3828,6,1.7,1.5,0,0,4,4,2418,210,1929,0,98034,47.58,-122.11,1385015
1352,1866,5,1.7,1.5,0,1,4,12,1035,317,2004,1993,98009,47.49,-122.36,1103226
2755,7958,6,4.4,1.0,1,3,1,9,2551,204,1929,0,98078,47.36,-122.34,2097848
1741,10132,1,3.1,1.5,0,3,2,4,1654,87,1930,0,98161,47.35,-122.33,992717
2045,3570,5,1.3,3.0,0,3,5,11,1945,100,1912,0,98079,47.51,-122.36,1409142
2790,10479,3,2.4,2.5,0,3,3,10,2511,279,1951,0,98082,47.59,-122.25,1622732
1707,19445,4,3.6,1.5,0,4,5,5,1229,478,1942,0,98015,47.33,-122.27,1167768
1010,1836,4,3.3,1.0,0,2,1,6,805,205,1941,0,98198,47.36,-122.14,933098
1027,5557,4,1.6,2.0,0,0,1,6,953,74,1947,0,98022,47.66,-122.12,781872
800,6023,6,3.1,2.0,1,3,2,12,626,174,1975,0,98150,47.44,-122.25,1512223
2155,8627,1,4.4,2.0,0,0,4,11,1844,311,1980,1992,98174,47.58,-122.17,1288569
2575,11139,5,2.8,2.5,0,4,2,6,2047,528,1988,0,98183,47.59,-122.33,1479303
2429,3734,6,4.1,2.5,0,2,5,8,1840,589,1905,0,98086,47.36,-122.24,1552548
3594,9078,1,2.2,1.0,0,2,1,11,2852,742,1931,0,98027,47.71,-122.29,1684923
3377,10078,1,1.9,1.5,0,1,5,10,2706,671,1953,0,98180,47.57,-122.2,1612622
3845,1000,3,3.2,1.5,0,1,3,8,3561,284,1926,0,98039,47.62,-122.4,1880295
1403,15299,2,1.8,1.0,0,0,4,7,1245,158,1987,0,98184,47.33,-122.31,1001767
1906,6172,4,3.7,2.5,0,0,4,7,1608,298,1938,0,98038,47.55,-122.25,1273435
800,8566,6,1.8,1.0,0,2,4,10,758,42,1982,0,98123,47.32,-122.2,903608
800,7065,3,1.8,3.0,0,2,5,5,725,75,1974,0,98168,47.52,-122.28,880688
800,8510,6,3.2,2.5,0,3,1,12,605,195,1920,0,98008,47.34,-122.26,945876
2716,10342,4,4.0,3.0,0,2,5,8,2312,404,1948,0,98072,47.75,-122.13,1717752
1082,7535,5,1.3,1.5,0,4,5,11,763,319,1928,0,98113,47.7,-122.34,1073929
800,10952,3,2.6,2.5,0,2,5,5,660,140,1924,0,98172,47.44,-122.25,748988
3089,3920,1,4.4,2.5,0,2,5,12,2180,909,2013,0,98024,47.32,-122.28,1748482
4209,12114,1,3.5,2.0,0,2,4,8,3448,761,1911,0,98042,47.69,-122.18,2007521
1630,7483,3,3.2,1.5,0,3,2,10,1593,37,1983,0,98161,47.35,-122.27,1279598
1453,7790,6,4.1,2.5,0,4,3,10,1398,55,1927,1995,98007,47.67,-122.16,1227393
1430,1902,2,1.9,1.0,0,3,5,5,1121,309,1984,2010,98184,47.77,-122.27,896717
2184,6030,5,1.9,1.0,0,3,2,4,1681,503,1978,0,98146,47.66,-122.23,1299218
2311,5264,4,3.8,1.5,0,3,4,10,2213,98,1937,0,98041,47.37,-122.19,1514949
2802,10663,6,2.7,2.5,0,3,3,11,2356,446,1924,1995,98118,47.49,-122.37,1685473
2800,8733,3,4.4,1.0,1,1,1,7,2465,335,1920,0,98097,47.58,-122.35,1926943
1286,5475,4,3.8,2.5,1,2,2,9,1232,54,1920,2005,98126,47.37,-122.31,1551543
863,9182,1,3.8,3.0,0,3,2,6,734,129,1923,0,98038,47.44,-122.35,772779
1530,14420,1,3.8,2.5,0,0,4,7,1501,29,1935,0,98028,47.34,-122.27,1160982
1043,8502,6,2.7,1.5,0,0,5,7,963,80,2002,1994,98068,47.38,-122.38,972006
3848,6513,3,2.8,2.0,0,4,2,9,3413,435,1905,0,98136,47.43,-122.32,1957510
2551,8076,1,1.0,2.5,0,4,1,5,1991,560,1953,0,98169,47.38,-122.27,1201349
2074,7561,3,2.3,1.0,0,2,2,5,1839,235,1945,0,98083,47.4,-122.26,1115715
1888,10005,3,2.7,2.5,0,0,3,10,1757,131,1942,2006,98107,47.35,-122.15,1258341
3176,9249,3,3.1,1.5,0,4,3,4,2428,748,1953,0,98151,47.33,-122.17,1629317
2595,8922,5,3.5,1.0,0,4,1,10,2073,522,1968,0,98198,47.67,-122.19,1728549
2401,6751,6,3.7,2.0,0,2,5,8,1711,690,1959,0,98143,47.5,-122.31,1550301
1614,11872,1,1.3,1.0,0,3,4,7,1212,402,1972,0,98003,47.63,-122.21,906129
2077,10756,3,3.0,2.0,0,3,4,10,1519,558,1933,2007,98148,47.3,-122.34,1171678
2127,10319,1,3.5,1.0,0,4,2,9,1611,516,1999,0,98046,47.52,-122.2,1296950
2693,5713,1,1.0,2.5,0,1,4,4,2144,549,1998,0,98006,47.58,-122.22,1165900
2042,16529,5,3.5,2.5,0,3,2,7,1774,268,2005,0,98126,47.47,-122.3,1381315
2703,11772,3,1.5,3.0,0,3,4,12,2645,58,1935,0,98018,47.39,-122.29,1563840
2761,1467,4,4.4,1.5,0,3,2,11,2392,369,1978,0,98197,47.64,-122.15,1720578
2252,11304,3,3.0,3.0,0,0,2,9,1626,626,1940,0,98089,47.8,-122.2,1333281
2287,12159,5,3.1,2.5,0,1,2,4,2206,81,1901,0,98027,47.37,-122.4,1321495
1286,4942,4,1.8,2.5,0,3,4,10,1266,20,1969,0,98059,47.48,-122.36,1102221
1028,5302,5,3.8,2.5,0,1,2,5,788,240,1947,0,98056,47.78,-122.26,813629
3219,6553,1,1.9,3.0,0,1,3,4,2343,876,2013,0,98091,47.67,-122.36,1327689
1898,9055,6,2.0,2.5,0,1,2,4,1382,516,1919,0,98123,47.73,-122.35,1067298
3491,7658,5,3.1,2.0,0,0,3,11,2953,538,2014,0,98013,47.38,-122.17,1914026
2222,1293,5,3.3,2.5,0,0,5,12,1729,493,1941,0,98157,47.44,-122.17,1406840
2098,4108,1,3.1,1.0,0,1,3,12,1780,318,1904,0,98099,47.41,-122.4,1211512
2938,4147,5,2.5,1.5,0,2,1,12,2646,292,1945,0,98059,47.66,-122.3,1642023
3003,6565,5,1.7,1.5,0,3,5,4,2682,321,1952,0,98011,47.77,-122.1,1550579
1894,5476,4,2.1,2.0,0,4,3,12,1392,502,1921,0,98183,47.59,-122.13,1253070
2612,6553,2,2.4,2.5,0,1,1,7,2097,515,1944,0,98117,47.78,-122.34,1098365
3225,8428,1,3.0,3.0,0,1,1,4,2539,686,1993,2005,98007,47.64,-122.2,1539809
2082,7016,5,2.9,1.0,0,3,3,9,2050,32,1916,2013,98017,47.52,-122.15,1312264
1645,5159,6,4.0,1.5,0,0,4,5,1600,45,1984,0,98109,47.57,-122.37,1156244
2598,6719,4,2.8,2.5,0,3,1,5,2388,210,1960,1991,98158,47.72,-122.26,1361083
800,8704,2,1.8,2.0,0,2,1,10,750,50,1903,0,98005,47.38,-122.21,781234
1078,5049,6,4.0,2.5,0,1,4,5,962,116,1914,0,98158,47.64,-122.4,1012932
800,5213,2,3.9,1.5,0,2,3,7,767,33,1954,0,98168,47.69,-122.27,847165
1945,2419,2,4.2,1.5,0,1,3,6,1890,55,2006,0,98092,47.43,-122.24,1313935
1847,2886,2,4.0,1.5,0,4,4,5,1488,359,1961,0,98032,47.37,-122.23,1088819
2549,9751,3,1.6,2.5,0,1,3,7,2026,523,1977,0,98070,47.68,-122.23,1333771
1458,1074,4,1.5,1.5,0,4,5,6,1289,169,1908,2014,98105,47.72,-122.17,1032996
3415,8328,1,1.5,1.5,0,2,2,10,3288,127,1902,0,98107,47.56,-122.2,1744162
2508,8306,2,1.1,1.5,0,3,4,4,2120,388,1984,1993,98193,47.53,-122.37,1262929
3600,4277,5,4.3,2.5,0,2,3,7,2799,801,1960,0,98162,47.53,-122.31,1803245
3344,7280,1,1.1,3.0,0,4,2,7,2764,580,1939,2013,98145,47.68,-122.37,1599273
2356,6946,6,1.8,1.0,0,3,4,6,2330,26,1997,0,98148,47.31,-122.24,1427685
1443,10319,4,1.5,1.0,0,3,5,11,1343,100,1918,0,98104,47.64,-122.18,1157227
3474,8241,4,3.1,3.0,0,3,4,11,3230,244,1956,0,98157,47.69,-122.24,1850372
2877,2318,3,1.7,2.5,0,3,1,11,2815,62,1995,0,98109,47.52,-122.18,1631275
1127,10603,1,4.2,1.0,0,2,3,9,979,148,1919,0,98090,47.64,-122.1,1000041
2643,4659,5,3.2,1.0,0,3,3,9,2470,173,2004,2009,98043,47.48,-122.28,1595861
2818,12524,6,3.9,1.5,0,0,5,6,2383,435,1957,0,98088,47.41,-122.3,1645576
3733,12908,5,3.1,3.0,0,2,1,7,3504,229,1989,0,98136,47.42,-122.24,1941473
2532,10302,4,3.2,1.0,0,3,5,8,2143,389,1946,0,98156,47.49,-122.22,1541464
2399,8453,6,3.7,1.0,0,3,5,7,1706,693,1952,0,98109,47.42,-122.27,1391105
3582,4623,2,1.4,2.5,0,1,5,11,3520,62,1928,0,98160,47.7,-122.22,1836055
2322,4110,3,1.1,3.0,0,2,2,6,1638,684,1961,0,98028,47.47,-122.2,1132001
1236,7095,6,4.0,1.0,0,0,5,4,1199,37,1970,0,98149,47.31,-122.29,1021119
