store_id,population_density,median_income,college_educated_pct,store_size_sqft,parking_spaces,years_open,marketing_spend,loyalty_members,competitors_within_5mi,nearest_competitor_mi,monthly_sales
1,5993.428306022465,52926.03548243223,0.3695981825434216,16104.959055624637,165.94510923446916,19,48107.57996204056,1571.1718999660675,1,6.6834404930141025,900911
2,4680.966996685851,55333.32739917975,0.2699582915145766,21577.656691173237,137.44780159571116,19,46722.6576701046,2642.464602386655,4,9.4509166790061,897747
3,946.5607685398159,71791.35417342756,0.15478987566606425,19007.387812453155,111.08089964545529,7,72604.56387794073,2873.1189147294185,2,7.6759333980176985,815563
4,4293.766695985863,48078.01422738725,0.40268543237849963,25533.258228068997,41.08328765881457,4,29122.0718353033,3238.4665799954105,1,0.9296592446501116,844524
5,2981.829314269785,31250.58679694669,0.2314047095321688,21314.8898323217,202.85611131094578,13,56481.6793878959,2114.9177195836837,3,0.5524601126742228,859974
6,6775.496919186715,68414.98495163143,0.1722133955202271,31039.982377957887,108.03912383886808,7,43815.75248297571,2331.794911900915,1,6.853991900304269,1029702
7,6900.01079101436,80897.74702863046,0.23241653789701927,8644.615825440682,203.4740443098465,15,69459.27067511575,3295.595463895942,4,0.7414817040689043,911805
8,7084.983234678843,68552.98735938764,0.2247876687446625,25152.002648497197,223.89470223707582,4,39634.59563452705,2635.7538294764863,4,4.837078419587647,950898
9,4170.470731189067,34018.886775912135,0.4149840776756605,18807.65655402797,132.0110927354006,7,44836.30402927321,2960.9556154202937,1,3.8494041351746056,771034
10,3986.7135607369523,35350.73969181289,0.35773080986708117,48549.30733185027,104.65063872975598,9,33652.916897543415,1837.2616866217866,2,7.266570604282199,965195
11,4116.4679535479745,53737.52372228234,0.25352137440800493,36468.12389831936,203.2896854274652,12,89300.69527850929,560.0887813967568,1,4.011717332583342,1128794
12,3761.8612792900803,60342.3974558407,0.26964733273336594,24824.95300528988,175.62118661858017,9,60869.77382484872,1509.4636748693115,0,6.113482960288297,906258
13,1898.6731378677346,56028.44462209041,0.343551837122835,29290.688259056522,104.26545343693613,7,34334.93415327526,2177.9384837943244,6,2.797596763554291,827114
14,6563.645743554621,36445.739336828774,0.3677867036610718,14436.34709532579,180.88204227555724,11,74341.4159396022,3353.9977864949014,4,5.1133306590691525,1005481
15,5301.318086966561,54764.2759022133,0.2027775758032036,24961.14444279176,130.83383468670485,16,65399.54719861587,3768.389522403902,3,3.9933001290646186,966649
16,3368.3794300691234,53843.47435878844,0.417613966553134,27729.21579853315,210.4690985343317,1,60759.200073839915,2235.343166762044,2,0.7310016810988115,1073411
17,2858.2150038777754,62237.08622864778,0.4321375753058744,24006.940888946723,187.01704089738692,3,31009.619096422834,1903.1026684372473,2,4.249568934689986,766466
18,7779.205656293182,42171.39221680284,0.24676522927158018,16783.505928515224,172.48870192443667,10,85578.48687771923,3015.0352672086597,9,4.068038050079468,955561
19,5330.045596218677,42161.066232559475,0.1607826821390226,43517.268533388065,56.636740370412596,17,32137.59452741554,2165.182752605266,4,0.9909763511017731,1089948
20,8686.827516641066,75451.53236427557,0.44275562383876044,31630.127820839,48.74287066711965,17,53729.08629538855,1192.0857003306248,2,1.2682931828633779,1006057
21,8562.582154052734,44838.76498427865,0.1674580786525331,24076.21272061014,191.58542884879236,16,55421.23497484527,4744.806606010563,3,5.877353499693725,991710
22,4473.188310265454,50790.17686988769,0.4438531585864526,20168.192644018014,184.95461909299945,4,61997.932674220116,2247.4318486068396,3,4.058819838951477,826660
23,5117.017804613688,90219.95392675484,0.4069469523564967,17147.930791616393,173.10517371316354,16,45950.84948336898,2560.8966071171603,5,5.683359498501382,958070
24,6176.634412969153,59214.87801602549,0.1713565945380687,20018.40384143525,194.24952335933327,2,40709.40502710064,2471.578542400933,3,4.470487301297998,740542
25,5101.487917710533,62418.99837822572,0.27704128269243555,39963.39118252414,234.40085161844576,3,14246.567761364364,1279.4298957181456,7,9.074252613455883,921564
26,5042.007683265518,65229.294569424455,0.26676050362024895,22517.86594725235,136.44797688557287,14,37738.10634183244,2299.79510426893,1,1.3711893989555703,1017352
27,7247.083563383033,87148.07782170831,0.2138183685072687,39509.33260703126,170.22914475587623,15,58258.62908551248,1936.2754471960252,2,7.1592067488616395,1153082
28,5464.099874715273,33278.73487754013,0.3938398701772508,13740.289804987558,116.78862783477886,19,77202.22732496343,2810.9075655980046,2,5.179938490763162,1001801
29,4962.97372801522,50670.120416197926,0.16689098270455122,35169.105807847314,188.54315507320197,13,39205.09281350812,1080.0383670083095,1,5.5195161523234875,1003733
30,4427.306967668161,55684.117598883924,0.2468059164832751,28113.436609156317,141.5964605397235,19,55703.506492993074,2524.5101742589427,6,3.169150301126188,991652
31,9379.605866435344,42875.525719672725,0.2332143548943398,23738.208333967174,82.24710222410339,18,34035.29563936934,1162.1551761916219,2,3.157753318104984,974451
32,2014.7972711686139,45305.507510488766,0.17286011387974895,21771.560345224712,143.86056254212426,5,62977.864825070996,1179.766792979358,2,0.750486257723894,889859
33,7358.880241442574,47962.365218429426,0.4461828387944834,27363.820195385466,95.13270657166709,17,47709.20309494764,3737.816311973462,2,8.714862574423005,1023559
34,5093.961187529484,48249.01792781134,0.2851632405930281,29982.79945877999,81.57049422290714,17,60709.83619950409,-978.1692136365564,4,8.022269474961512,877200
35,3873.482777079274,93088.86686816339,0.27616073359952253,29749.937406729696,210.64075368413427,11,41326.99346456306,2157.6913613756005,0,3.8305818086626715,951094
36,7888.677583963622,68290.9534036923,0.2544766401069901,23903.377431665176,225.11785260480139,10,51481.895608395505,796.6175606448453,4,2.7813833783928343,947500
37,5733.196492193696,40901.80320508967,0.20456402531974344,30978.944252894413,135.46538459844783,3,59355.590924154196,2515.064381578995,3,3.802382537585493,920742
38,4022.719829223839,22812.148602250873,0.4182651788687778,29103.530006331966,131.2669335821928,9,33626.4602936284,2458.373965713076,3,0.5246527316446423,776476
39,5356.256851522129,55534.53189775684,0.3109771937961998,24718.42449230013,152.8279474794584,14,82899.35427002568,2250.9639604436215,0,2.898150971268197,1092143
40,5622.500309087072,101183.21212682856,0.18215160340193282,33956.59929147661,226.18937050969043,15,865.0588627304169,2793.666023609466,3,5.585687858147473,969335
41,3594.8977657596715,37101.098265423614,0.29219098242916686,35744.79054486184,84.61714659081213,18,51547.36615295237,1638.7157986717364,3,3.1958711050878823,1018391
42,2380.7014199762034,26293.336295974656,0.4459545746378939,32530.2766244838,80.07162130904294,6,61259.384733811414,2293.7610410441334,3,8.501983335332726,760814
43,5347.932658339139,68618.07920863642,0.42521868392565954,39361.31645311171,146.27461767344136,2,90866.4097936461,4119.612155437311,2,3.574952745840315,1236119
44,-481.9096889194034,48120.710845855014,0.3331860127324898,22546.26880542546,181.9296229388687,11,16769.598754620805,2302.0370312986847,4,2.4164393921372405,729675
45,3834.838168730132,58913.5965074751,0.19164743203260612,44119.02617774659,119.7792760934144,3,61541.4425436108,2296.9546139570075,5,1.1317145399843862,1049648
46,8160.268190150404,53202.23620951602,0.3885801935579671,25909.835681703844,125.61968879637533,5,41348.836243607584,3043.4831529637777,5,4.080972079536622,974816
47,1258.4161579482889,49727.297739380374,0.37428281405287533,12357.984506051784,150.80267093219655,1,63736.635810852924,160.4069974851136,1,5.657068450827385,615899
48,3470.417226089099,68742.56898406931,0.20001922799801494,33722.90329354916,149.36279247558159,7,71087.90431698228,3328.153490390105,2,7.283608781124334,1104966
49,8284.192342214887,54417.8157591996,0.1808748092232435,7041.576738341526,183.79043650220402,13,44602.50129413258,1521.2362842176926,2,7.36139939973413,830125
50,7711.275717609902,61201.523548355515,0.22553971767208583,40014.36650046453,97.0807298576474,10,39741.712500571695,1322.2144585076467,4,1.4575487286509217,975387
51,6735.6980733263645,40952.28973754895,0.32788887157764646,34639.765178405985,183.62125094475465,9,81863.73253278794,1988.784323568815,3,9.855991390142178,1189975
52,6047.905334215588,46178.697605281704,0.2505591724937703,23932.793136867647,99.39478123699163,11,16902.866562684612,2434.52264624254,3,9.171119897351725,819690
53,5943.3762103956815,32053.535452407883,0.19965399522839214,19253.57267063401,195.29438057452515,18,29656.15658909219,3016.6693086481228,3,9.970305392536499,931432
54,5118.436868028976,55208.939378694195,0.21297167792867572,24806.999303119974,144.25779902584884,17,53100.73247191037,2467.2467297840017,1,7.867512358602601,929129
55,7777.164538080577,15109.729644259409,0.28222882408146843,34968.68153998103,46.33048837959252,4,55796.84528336936,2245.1787316276354,4,0.7411703787732762,920085
56,3454.6657154530585,53661.682366094945,0.21659164857988483,25239.869076217263,186.08360320216175,8,27418.964575655416,2598.7457776373344,2,1.444693231213779,819417
57,6627.72781624721,40893.79338148147,0.40670894043188577,22112.27067344736,207.9664901682124,5,44483.80868796017,1442.4687485666577,1,6.515787361654125,889071
58,5933.565100529725,75510.5538208299,0.4231872010620912,32666.03060922057,75.06702992465226,2,72783.15145723353,2170.669001680198,5,9.758199019389265,1035858
59,4289.935344706551,58862.09851873987,0.31973298598996813,24840.882164073675,166.68217657252987,17,95569.57456376812,-284.0042288020222,3,6.62801459380863,966655
60,4555.2105602243155,59459.60468274733,0.35495515693364443,29982.398651711374,156.03236129973976,10,76241.83899499287,870.4070140236729,4,1.800413485653669,1033764
61,8241.066890331755,78557.41952891709,0.34951100236387667,10273.006149346838,86.02115166321492,14,43039.738274063224,2698.558362896292,3,3.878890806417017,857856
62,7107.2835932156795,40759.01666752085,0.34910134960879446,46059.05651869913,154.76604034738597,1,53580.7359309793,2797.760250918397,4,6.421659233597412,965163
63,761.2852639227158,49737.02039539691,0.25546204834026565,38239.82700589268,114.78604347050535,8,18840.95364646664,2099.618639816682,5,1.3700296966030243,805508
64,6241.344195101356,57665.51501399881,0.4118837507629225,14317.24513031919,190.8349258856785,5,62373.23919419864,3333.922154548904,2,9.882846075968146,934932
65,5859.236438265172,58115.31530744667,0.20417260353820005,31547.877877108316,156.6923827123,14,57150.524876744406,1912.7305822338212,1,4.506745267439869,1052624
66,6583.298295845582,53996.855132840996,0.30673037282135074,19690.992388943385,217.39278906645183,3,75948.12229725248,1644.2252505874287,4,8.137781304308527,1053526
67,9084.792845428146,62277.62657844384,0.3713567300719575,3821.9769608199313,186.4771383317907,12,51645.67978550848,3565.480375065351,6,6.461301900574516,836417
68,7906.768954235402,78693.58218596068,0.2216331437304907,20817.119782773854,134.98197559556857,18,33904.2616667935,1495.859233247932,0,0.6698023799674312,931493
69,4930.630225226438,58513.22098804781,0.2652979941479045,16435.37536258266,184.1311618228573,5,69686.44796953167,2286.0111557744913,3,9.916101948301277,934079
70,8242.217115575431,31450.594935139856,0.20295840960165248,25591.703712588544,118.84297367876178,3,38890.457616794905,2968.5634933715223,3,5.487799258172547,857525
71,5217.337662134701,29368.48541230631,0.29735590226058795,42885.39749587579,116.70307586023019,15,47338.83830657863,3625.6787843696297,3,8.595838566796573,1025724
72,4624.842671459497,56877.32045594333,0.23441728817325802,26837.16141550384,138.2271638897653,18,52042.57841742067,1982.3887009638286,5,6.941153449311104,942065
73,1721.2074646718875,61938.22828971311,0.4135889959065474,29725.238645538473,205.4351790291454,1,44675.249356770844,2231.363941612697,3,7.140412011376083,887862
74,4682.651112578727,54375.677600612275,0.4137214440684396,29448.45318263085,161.48139650818266,18,46950.57289789808,2918.2525547860005,1,3.2268622651616714,1045495
75,5382.198136039807,55696.54822234223,0.33954405810500055,31026.434152621194,82.48757940285874,13,43844.435300939986,2719.150327663939,6,9.403670628746285,910997
76,5388.179985796615,71104.47624789659,0.17020518044063151,16787.877604711517,59.502054950964705,18,69300.29922126459,2867.102266788067,0,0.7101737395254739,972185
77,4737.923186002008,24471.396390617443,0.381122225342338,20558.40378645441,244.0578534720295,14,63565.98822384082,2451.970469285823,2,8.346247275099017,933703
78,4010.593262164435,44148.44778839762,0.18940053792281342,30849.164234060863,57.661378276429915,6,38666.611749797885,1789.128069588759,0,6.690834841070908,801156
79,6901.00551056525,49855.36257546056,0.2919629720074671,27741.802771021634,172.8376609576892,15,82530.38943399364,18.705013434798275,0,8.069579364708261,1061061
80,4486.379383161933,79571.6912432146,0.22426198668101255,37008.31072003568,75.66146086498318,2,56328.521460981676,1865.3949647066433,1,1.1882454340483093,1076094
81,4095.3873615018465,18641.81010056565,0.3300061644357911,33188.17217972528,95.31855269683025,1,68796.96207059376,3346.013544671269,1,5.923592767519561,916597
82,4233.634964027854,45857.56627272912,0.38274142073788686,15828.070339203457,201.15706023436132,1,51831.71477387526,2028.8918276973006,3,8.303686916093731,826781
83,5203.5281459752505,50889.52278628082,0.4354649923065981,38613.569668267686,219.15725004361371,9,63964.4662722718,2893.4853854217495,4,9.000758232575013,1148435
84,5395.199209384799,86128.91308937898,0.30792079828083396,19486.497455283457,131.5239191588885,12,54090.98792181491,1848.5819963855515,4,8.002135817853553,920924
85,4951.290815478034,87134.05537917795,0.3166090652812894,17534.29273883522,187.66628801886208,9,33132.53690921239,2486.4504519525403,2,2.4339936632513055,886263
86,5703.509353187427,53623.61014000749,0.4038735876057148,29022.31776832605,219.22210558428233,20,65149.11498634082,5604.867428466721,2,4.2573941135656455,1184640
87,8019.451596896859,79607.55089331907,0.38788682838168953,17894.31395642202,81.84801707244392,3,79530.80699451792,3880.0913541474515,4,2.7566615867768376,1048821
88,7345.458038518729,63154.002318916486,0.2835915765007997,22035.08534331115,38.27867788428986,2,54703.99657709402,2768.2168082776957,3,6.089920016735752,865998
89,1763.0843326394483,78190.0622140019,0.22110835713250088,28465.158153855267,135.0245430913896,14,38173.93569815938,547.8147785965557,2,6.084901525548676,815036
90,1974.808998322368,30449.125130509885,0.3100535775899087,34645.531680651446,185.36058415061913,15,69405.97774520122,2196.6915380640517,1,1.042325132848491,1013526
91,6455.25908727396,55779.18828710949,0.16180306220055288,23952.672217842006,98.25225677339336,5,53818.75501546631,1605.4367675862159,4,3.5697412421676464,862659
92,5800.228949296434,57220.47637239531,0.2527960464362746,11605.618235690958,96.72181375674873,13,51836.11549161347,1767.3158087423808,2,2.7283322866808724,848669
93,4794.31167372786,54598.08480046505,0.2232441871267123,26470.169076984337,158.33848097982587,17,72110.51865915967,3687.03030556038,3,1.5126337879259117,1102064
94,4495.239913071101,60109.000286497874,0.371534762775398,36481.45239352041,137.79216823546756,14,69281.74336576715,2388.477942341054,5,6.6662092585467345,1115456
95,7218.520404445848,33069.46042747171,0.3329495416496084,8843.55560818265,203.57004551868607,1,37220.765046209955,1176.9102065925017,1,6.23276163712309,732459
96,8067.956241699134,21263.56407916091,0.40900009487154765,19536.061357191018,25.02971425632134,12,95818.85145181484,2589.6081599276085,2,5.719435265089307,922510
97,6709.80075924142,69691.16351251093,0.3063702397456003,22835.20086669304,213.09102064670543,16,65178.571795735304,2781.191423969376,2,9.377142254652385,1018743
98,4438.649846266452,29605.647787069218,0.23546187058857687,24213.282985642,198.54503659671548,3,37651.06775081804,1671.0719191340781,5,8.664450036165597,729903
99,3919.355633725024,62703.1106224527,0.23858348676609303,20465.638615631207,176.4162717105141,4,33547.571690217985,2349.6580774190966,3,0.5245481410273327,817053
100,9500.90953563254,74879.03576557497,0.34398177402685803,28376.10528565575,126.85254672873202,10,28371.607425091923,2224.67677649457,3,4.5255134096632466,1028937
101,3653.018751512263,59184.91243335703,0.3371577974029719,42781.565033080595,88.1089527956442,15,60055.98461932808,2139.4857832761104,2,3.4665819674635623,1063910
102,3714.003553038243,35103.6896971151,0.3396046458061256,31021.617188581018,183.349020171908,18,19009.37460842976,1064.38117178656,4,7.381218762723041,710472
103,1753.9082130685092,63450.181937575355,0.17382581069669598,20346.55268841085,99.26216346535665,6,38268.718408745626,2302.464774303032,1,8.103386824312434,783483
104,1888.2087075927452,59963.20348321686,0.30988733596540063,31668.2316928714,91.3698371569342,6,25330.637974397887,2356.4876556445884,4,1.3432902440238004,800118
105,5220.9810773989375,60669.42189905311,0.3764513459822544,22385.309655502922,90.51192291339498,16,49599.622013111424,2883.611970787932,1,9.754563971966148,919355
106,6578.6312237092,45270.06119426695,0.22711417992962396,27187.01078355414,171.2589421137351,16,56713.15979297795,1261.8372251944327,1,2.6598943509129382,967277
107,2686.500659327888,31932.29011106694,0.2538965305767011,25480.2320460161,69.45777722191266,3,27932.667876522526,347.1094070475169,6,9.340654539117205,620832
108,4802.2206936177145,68786.14724481653,0.41041700703223516,22677.80364649079,178.42205031280773,20,61991.88226562987,1953.739828969103,0,1.9610159218462955,1102618
109,6424.542979011756,56803.384501513196,0.3225490051489875,9246.82171221162,139.08744181285817,14,39674.87968125746,3431.7760974087055,4,5.3080217710441335,815352
110,4862.418307130244,48818.91316474316,0.3282872251685324,27413.561079568328,186.28834115815164,11,40820.86228350853,4030.7508323436973,1,7.917235067650179,1016127
111,3622.6664900741134,54060.14565696333,0.4484598951509302,26189.339657616893,133.14570144409802,9,25384.489084678382,2239.6595092782386,2,2.188780684586858,896533
112,8042.660322664331,35884.46880430932,0.2197936615688043,30008.611404062536,120.35860313102552,4,39853.34449222908,-53.9211349019547,3,3.9937138333342515,860401
113,7415.618616922005,50250.24956108158,0.37008431416842064,20387.916794186243,20.4478853927545,6,67262.00452341262,1703.5598189404204,2,0.615147359116986,867004
114,4938.122005688751,25597.62987559252,0.4033071248218848,41484.468932928416,148.6347730245034,4,31334.640818536078,2110.4033931412077,6,1.470420531746612,903679
115,5930.090922030364,57499.7924284527,0.39266503849089845,23417.56251282795,131.0121330009879,18,93146.16426531007,1894.2850769966617,4,5.424876208479438,1102088
116,3644.5692604957876,85200.80871289935,0.16250187018071527,26092.282648661898,161.84807078560215,13,40903.59368223094,2376.9860766430897,0,5.331503249751996,974335
117,3461.7695531152203,20921.71125361097,0.4474765226610823,20112.880867451287,209.72659372532223,5,75103.96968906504,2688.4160082974286,1,1.2848678028630525,928578
118,5069.705752783532,44746.09299752615,0.4427972548796377,30676.268618459,106.93081488216282,9,32390.76070355188,2955.8877720816076,0,9.700643387146647,1026045
119,3712.963539239714,68917.60192121856,0.4439910988076552,36644.94952064893,239.96357875094998,16,60765.92158099266,3572.507337309802,1,9.316794583097472,1130977
120,2437.40465304629,28934.053674230618,0.3338818747483577,9416.931893430696,138.9373188207114,14,44463.73400222159,1287.5427211507724,4,9.794774148605661,702865
121,5744.99141958,78986.83502724062,0.20417837945259026,23824.00974242342,131.77663687398856,11,55890.49484907711,782.5042658592404,3,9.668732550206467,870307
122,4920.522190387651,40393.75528062886,0.37745550332296124,10819.118973473425,183.0005296558559,19,78704.94052945072,3501.9522677917666,2,8.211646060224243,951055
123,6078.264206365611,60124.43829053672,0.23337062917466034,26960.148763683737,140.12852306789804,2,55213.25666300815,1099.4920397250569,3,7.946021952611273,876731
124,5029.376389458394,43226.5253037664,0.4374220440358141,30186.243470750873,77.5071717259547,19,27873.836375433162,2393.9380909619613,2,6.611969209161951,976457
125,3645.048686005674,65076.20936615937,0.19134686974777063,21848.14909358063,129.408692284054,13,53622.330204221216,1664.2378649790912,2,6.009845980567247,979254
126,8773.229292178821,79463.9377189441,0.39149669990423097,32651.522786780974,188.91805380833188,17,38976.28567342933,1507.6571601251494,5,4.0478946633696475,1098797
127,5722.289540693737,46313.795372808556,0.22075727974310613,20338.90500560439,141.4375412281457,15,29516.263513415903,4354.092566334188,3,8.478121713538364,917108
128,1125.2753670470806,36199.77710317171,0.25867063249568656,27789.154754673764,157.0443123455602,13,14631.21268874297,2088.5790273406296,3,9.404856295050712,744637
129,6818.432332906255,76420.47227852182,0.16495260833488246,22806.173143563752,100.03436211749313,20,57069.65811897333,2621.5050114017154,1,3.1807772095854014,999012
130,3346.23929192028,51602.8166214771,0.2315849178385893,27938.924054529423,134.8084576006892,13,81362.0958943642,1782.176613948278,1,6.3871446818944495,973059
131,1104.2267254730555,66755.78172721849,0.2445568563292077,23649.625706382838,155.54780480340216,15,51339.81434449744,3015.9392177040995,1,4.478536531204533,972134
132,3161.6397225585665,38344.00724055969,0.319599076371483,29536.444139104824,173.3214991216763,12,49287.17035405033,1691.580175476613,1,2.884183282732831,882799
133,5401.138394461886,72229.56024143074,0.30701727341230994,22635.670078827607,157.6157756788312,17,33448.195587025606,2586.143883046375,2,9.484132396502682,957109
134,6807.869682172391,19556.01346687242,0.34529204014528625,16922.1543623205,114.46199482254107,8,51475.40215773772,2197.533161792649,6,7.664022963003559,706359
135,3051.927553764246,61892.45959106038,0.2266480033966814,25688.5829199494,181.93915397241045,17,67662.19554294318,2422.162802987198,2,6.739410994880793,974147
136,7296.891418393509,56699.056158066465,0.23614138742537266,13493.776173461067,168.12854075132427,8,77368.4390894535,2052.678104341249,4,3.5092359321415034,976652
137,4330.449335786918,48945.27305137005,0.20526745177140784,27383.857891019612,188.0452371578454,11,70069.96907105729,1872.0834774019174,4,9.889951899414728,882136
138,4917.969157993073,41162.30904434377,0.4491234471244986,34389.81598194071,169.49434097361976,3,34552.60431371399,4292.922591330873,3,8.652682004993057,948934
139,5336.921952539228,74763.9630341194,0.3630728395869935,22570.707809008032,52.236178684494945,15,23441.269724630958,3583.1785970562564,4,1.5729604799061487,924376
140,4081.817872890828,67856.37995480534,0.37190139021802915,23648.793757540498,172.36796510953053,16,25721.452386948713,4082.4963635802023,3,7.523299984065345,956172
141,4364.853602352524,44868.078327163326,0.15114514023730413,17614.939116337213,175.19092092200907,20,61733.876029505496,2025.0963433774755,4,2.520121575525413,900756
142,5359.163563879196,60259.45148910339,0.3865342029759896,28913.49704118131,89.39550540308673,1,66684.65331480322,2120.670080161671,2,1.7240627640024209,919892
143,7615.157621519966,49340.82691174467,0.2937210189310054,24604.98477155052,134.85177725490357,14,45562.78192409388,2921.6844682644446,5,9.646698392203247,879112
144,7171.964232350065,46960.54832328928,0.4118261518698384,31464.46238624916,166.975724190942,4,37084.572987268635,2276.534017628148,0,4.953295671912805,932660
145,6599.8838038841,30755.34087345118,0.23917134231258516,33400.884768871314,106.8024389289597,4,42857.9526038452,3294.3834179791775,5,4.5772346372653905,924726
146,3630.9635755660615,82910.26668805808,0.22569217495182198,31874.480781547558,146.83882717585206,9,19569.446932153747,2765.1555272988876,5,4.6286616281577615,935633
147,6022.405199049961,75604.87817744436,0.4177569869864539,41841.61920966409,94.3472786468144,19,78643.40287049266,2228.4755245086176,3,7.974128183967151,1231926
148,1500.0442515624063,68602.86542688603,0.1508763097864086,23276.014381441044,155.3089383911106,8,40608.956418773334,2314.8347710251264,4,5.005739994096975,731955
149,6925.337839171063,90455.76803945052,0.40624079929515133,21120.263700008232,188.77227353815465,7,56383.490208383606,3840.4504460231447,4,6.362131903119112,1037156
150,3407.948286393022,71140.10707897898,0.2980639741020356,25170.49318937554,130.0444073898625,1,36942.06455176876,3980.5680555418885,4,7.325077683277985,834274
151,6621.407310699988,63027.602065736486,0.16216762126340442,21984.03872666371,178.78898913332264,4,33354.12233763655,290.84838091129905,1,4.480004006781016,796656
152,5153.703765917537,51627.16027287882,0.4325177134856776,19799.979353412324,211.3202571935192,2,73141.92770927917,2732.3602776838666,2,1.9660548701892542,995397
153,5903.265403299193,38876.5141403632,0.3722943750823736,35256.79136766843,155.84346911705566,8,61175.395691212536,3417.5452066641205,2,4.294003109749564,1030452
154,2029.9556834382042,70719.13092628213,0.27116935925103713,22316.834217809657,154.05314353468285,6,33900.18678139424,2234.2304135060167,6,4.026138022657462,860443
155,8171.292985771466,66693.50090860573,0.35652150554764106,16272.268558278414,129.45928560227077,5,41915.6597605278,2629.4112582755974,4,0.5637487078885696,945888
156,4003.4642337993005,42017.3022283599,0.4041418469081356,26666.842367674235,211.10616511865268,12,52223.443205790725,1561.8226245722944,2,9.785795120908496,908509
157,2770.5045853502215,56465.137833404195,0.1797906608261079,10861.62117511539,77.4513368779456,6,44824.07874665795,4098.647170504717,2,9.581228875075533,778695
158,4332.361020487981,72596.86956379961,0.4452039489631393,27957.137537584753,73.01667403633401,16,20274.45940099412,5132.924436929851,1,8.466217541576867,905452
159,7124.468660699205,47988.48484262545,0.3627041172861096,25243.964038028786,83.89503400275711,12,62698.1560822744,1991.282778902156,4,8.259190836135517,980885
160,3691.83998037136,41468.70601222387,0.24774693526933494,33485.14344388932,140.50987401262896,7,78801.4703306691,2034.6895432199467,5,5.567172973270944,958034
161,4276.473862326373,59201.82083454174,0.3882631987648216,29972.575118848406,131.51948319781832,12,31812.704607187745,2528.8757231490104,4,5.845761140712223,1015561
162,2685.3600260310313,51672.598281155624,0.36771493896598473,30395.209931954552,144.6702619542674,19,69103.08233801647,4017.520109063872,3,0.5300945615166666,1159168
163,2230.7067586107933,69446.33497319548,0.22211471660984516,16181.757425094806,107.50402271556769,5,96664.88808570601,2692.2826743990413,1,5.030012949019262,1011795
164,6895.052924245716,43406.834982645865,0.23981867651150438,28256.418296996282,207.26945942736765,3,39368.861255138865,3453.1250453760867,1,7.509760426334536,937490
165,6030.085346552376,65734.87367136836,0.19285508619025157,31403.276201821456,187.71456649067872,9,61690.064322386184,2949.6559066258505,2,1.237668679380248,975808
166,1734.8831940158134,52134.28465079455,0.18329942963739446,20612.48262538408,55.319266652310716,8,54265.87414745877,2363.5525366458287,3,8.702307285141517,699407
167,1814.7978313127833,43636.754331410775,0.19569887683936063,34202.36821041115,163.99213304988044,17,51577.92193197017,2523.1387230981677,3,8.942261262521287,782038
168,5367.6990895073895,82007.66772266281,0.17153274186795392,34911.570823515496,94.73233412236041,14,65643.6521591152,2976.3577693562193,2,7.865788428829788,1144385
169,4948.851375616011,28463.861426663225,0.23528222787825503,27681.909496559587,102.62539325131127,11,36861.78799005052,961.6300010318969,1,7.938658054508962,823107
170,8192.159471066298,57845.67593088288,0.29009039998908326,32212.887316547258,173.98937214920878,11,46522.26716821664,2330.5507625166324,6,9.39505096270699,997031
171,3501.5860845714815,60125.93372110652,0.16268752476680434,30904.642999277206,155.5444739443884,10,41710.83796459348,1891.4139139935792,2,1.7312061863566985,928428
172,5315.50156205943,52219.94315776363,0.3403019219133613,11071.445519498808,28.73928610636996,9,49396.566667417304,1503.7679437774796,2,8.66008851149598,750033
173,5439.8343012118685,35108.57411429715,0.2747392502062351,18350.64091356268,220.85219104738087,6,70782.23574840536,2424.23571346454,3,1.7977085846861398,940642
174,6620.124608105382,71127.63903502688,0.268539272283451,14050.363651522654,104.96896326760657,4,62767.83851216766,3502.085216590409,2,7.036422216442132,942441
175,5583.460754506816,52252.32596642157,0.4014796078637115,26411.898482901004,154.11649433585436,3,-1246.6731759062095,2308.972237399831,2,4.908904014808287,761012
176,6094.23823035042,37287.807770367326,0.3821974134458288,33914.573557350974,156.03784030947338,12,80951.40190057852,3172.86123596682,1,0.6667474519829746,1146919
177,6961.706898274951,43866.55719712548,0.3053881583137737,15087.143394768793,76.623736712378,16,87647.23717026957,3286.312709880447,6,2.4674017226774265,983690
178,5299.8633401267825,45700.987188926556,0.1679149466912668,44259.02067144975,192.45427252254353,8,85455.82352873433,2520.886488295962,2,2.6411220460642753,1161143
179,4249.607239352126,50234.27354865649,0.336724092469799,28146.153787761774,220.6497377813415,11,50427.64422209412,2877.7276623216358,5,7.387321114278499,897317
180,5124.6312908610735,71717.7442632769,0.4291820414539611,33911.58906572529,71.4503322162664,1,49686.95876755662,2537.8619150089503,3,3.109686242954974,1022640
181,4639.216636475185,75592.72712014796,0.31397314260968845,20490.39859953679,145.84831982536133,6,21520.8569509971,2233.3476707655855,1,9.8213290270591,843905
182,5742.188102627844,55719.4216897232,0.2278625349528271,27654.750906068126,251.21548116434263,6,22736.51990814379,2662.744414846396,7,2.035878644251138,837867
183,8608.696219573487,52136.44312409052,0.224202094745725,36139.777303540584,208.76415539120245,20,79682.3205707193,2855.61334878566,1,0.5858654562532757,1256162
184,4585.044954632255,64429.37849261824,0.21662276120799617,14844.838347075163,194.11665311617045,8,40958.1933433384,1892.4736576535238,3,9.063139418098382,826023
185,4985.599908419327,64225.45290658479,0.30381607434378843,43054.01117147294,134.628827770087,20,54950.23833152409,2650.405438176164,4,5.858703273918419,1208606
186,2510.337523563686,44348.783214393436,0.42547172600263117,20218.32389013526,150.7136533918217,11,30921.2116120671,1696.0276011930223,3,4.598116163353709,798509
187,5983.5926631761595,80530.82731023888,0.2782505493984335,32409.95457219913,126.32143831143459,13,65585.47774788327,2209.4248969026376,6,6.115737880955907,1046586
188,2947.5607225099448,49506.52691022608,0.17134748555202983,28551.041841739487,19.78930716864329,8,53978.96293592989,1847.042008742189,3,3.255277339664606,904319
189,4665.607713855296,64992.49098207493,0.31401015616703054,44379.244310319526,192.8887303497581,6,35369.7319220734,1476.8044886817056,2,7.4287755438359655,1076219
190,6641.110838012746,51224.039770112424,0.24087927169212878,34068.987774872396,209.7054701523686,19,30376.689377206367,2039.7365984166768,7,5.672721111486719,891306
191,3339.1111868868693,62837.71157898636,0.3841895152276672,29547.84180219679,155.26546604395435,10,5186.524271605049,2206.203349859206,3,7.916952605408559,770754
192,6077.612423503908,54270.89657690777,0.19770750112207838,28588.9048265453,136.27799864454903,7,54407.63165576068,2082.22020256822,0,0.9930053454249033,1007868
193,4263.549449517817,48104.03902938659,0.3495438582715216,30898.985082086594,207.05663657656254,13,49888.07962341907,3168.741655592513,2,7.477217354718118,973478
194,4856.801496283866,32231.89379978786,0.36146130301301455,22143.766393547125,159.66037113570968,17,76392.889889546,167.16219947575155,2,9.634376720339306,967309
195,5841.090218456239,50455.66693023524,0.3926369953690616,33433.02940815183,224.6791384654435,2,57531.48030278249,3309.8578416370265,6,6.90318923105853,992072
196,3720.470945111734,39962.92102591158,0.255887551035707,16185.654416640851,73.88204068910544,14,72253.7674997985,1068.482002276686,1,3.6678946391620997,866360
197,3979.3300335845042,58176.24577121691,0.2116204225434088,26317.95029971508,147.9740824982104,20,72347.97631804922,3948.4992298929265,3,3.1396013728522663,1037135
198,1663.0968961779045,35075.27572802424,0.4412029636229233,25619.78974989784,138.47996428971163,5,31515.337114633912,2841.127313439709,2,6.252085357536844,709163
199,8411.28588505089,56788.64993943835,0.3392101413476355,39973.982549551394,174.46279584997222,11,26281.779815343078,2844.897008249919,2,7.110076037726726,1004156
200,4817.651532962874,85687.25932132428,0.3611376932971523,31168.31135962604,200.38267463001984,9,9877.395937952104,3318.7776437548605,3,9.493970424772257,1021586
201,4570.179289699843,59151.90173987932,0.32627576133282055,33378.54165297159,208.47949962138867,1,50875.59525427778,2244.158863096908,3,8.478115263312054,975102
202,2960.671322615769,54646.71773688643,0.17778764491541016,23605.165936777314,165.8270163304316,15,53793.217541268416,2063.2357627617826,1,6.099812900104623,817133
203,8136.479517839302,74355.52183292006,0.22260662399426318,20976.201835589254,163.17436076655298,17,30537.692795573596,622.5571147638911,3,3.6638312821512846,889089
204,6785.179034228704,27587.884689205144,0.38603085100713824,24561.530920660178,166.51454315665703,14,228.7547641703204,3477.5680321615455,3,8.719336800279205,736991
205,6998.659422479507,51443.84513671633,0.34138627880542166,24982.66837417691,213.60294911699415,18,60766.480447938535,2684.2479139441025,2,4.717234817810589,1006831
206,5008.186015350912,66897.54050189647,0.18161796543234157,24867.713998018993,125.3438588800114,18,78872.64006937628,3237.2913165470522,2,9.454047421441109,1058331
207,6712.11844699408,69366.846027053,0.39794642705872874,35875.2913596912,138.04381527485208,1,28296.98946884404,1674.5894700210447,3,8.371278180107772,906011
208,7011.070451949119,37816.9267300162,0.30169024602658767,14093.019002230732,138.5100184712403,19,32971.87131479372,2025.3022303629411,5,0.6258848182871501,840360
209,4265.54201933901,27457.383033512535,0.27332808266413194,18863.859784784,223.8840938968839,16,52242.09893649034,4244.639173258682,1,0.6817251811542266,867313
210,2482.990178649331,51744.74424363444,0.30576737123406156,22532.13769235344,79.11880329076139,15,61997.1859967129,1122.3824992457628,4,4.57497116758637,828215
211,8741.930350743565,60844.21266056356,0.3606438288545488,25003.56395350036,85.14156890575619,19,94725.99241696481,3884.4724381803876,0,9.478584793182083,1209615
212,8862.878302254112,53472.04908451514,0.4441306710811116,30795.283771468235,99.13331716226133,17,50648.02882739348,3592.498538085353,7,7.28909211163288,1091407
213,5699.624685097728,63655.3874000268,0.3591826257161571,23201.331975622015,231.27336709778234,16,43092.13690659906,2225.1012421143837,4,5.1012720497693325,951236
214,4603.0469698484885,41544.303540321176,0.16259562867287647,19615.625238983903,83.09204656884386,8,48256.02702473701,1893.2997052347032,5,2.5910575960951547,768321
215,2491.402274128496,32936.368642186026,0.1706141033171883,20162.042683694297,39.72169714504655,20,47390.8026192127,2104.6945225602535,6,1.4849465169756266,763561
216,3841.894904105492,76531.53678759027,0.30632195715251637,7325.1871534132515,216.91818657231926,20,27406.99540799037,2909.7627959594975,3,8.958890413583621,766883
217,5712.005258450053,58269.96115999206,0.37761459634917627,38599.65899661105,203.57715761174427,4,52745.522713565784,3662.200789040752,4,6.090796884010394,1082599
218,2542.802968592383,69138.52822804284,0.3173782335452102,31883.648387377627,97.98541358861948,19,54808.497536775714,3010.792088527595,3,9.42115055477777,1076643
219,2155.986950184934,71575.91094704364,0.23085355868768181,29777.825746027076,102.58259978878996,13,70787.90106084276,2996.6647342273745,1,8.305655363136825,1049810
220,4944.288889245331,64983.759504162896,0.3743515723236216,30578.504311299188,129.46826540095992,5,39852.32636507803,2167.362681649041,1,6.835050217403752,964946
221,6358.285550876391,50469.317507652035,0.41643545668021076,30365.927567601626,135.38701190491153,8,36610.48749821713,2775.2212887578303,9,4.925344655619685,803469
222,6276.901870329129,57582.76138360236,0.41751325956082386,24456.682099499736,135.20407894915576,16,71987.54776364903,1468.265420203489,2,9.414930566652368,1076939
223,1497.2600868642871,32086.44259286011,0.26717808227453466,26548.555194028624,119.86570760861056,19,85375.43566518842,2007.8564848039973,3,9.326825440146896,956164
224,799.9469846967522,64382.62025246554,0.32794746571184047,32081.85186391193,146.69283575631664,18,36938.166772993274,3438.2219976557317,3,6.620438874682709,939923
225,8216.778622714384,60324.523821364986,0.39307757600985943,14311.933066916336,130.54188414570163,18,69051.96789297812,2973.6931367322277,1,7.901474570759975,1099031
226,6707.951953104447,61222.982505428656,0.4382760440786474,28706.30824094485,100.9869411851245,13,111238.93930812438,2741.321934916781,4,0.9938988437882211,1144977
227,4852.104868783214,48225.10785760566,0.17536961342917134,32452.57014944852,163.06333420659496,16,66684.56813199099,4143.690495252238,6,2.4052532895300316,1077131
228,2957.118754682816,79381.4778873817,0.4322319899068503,36260.21166030697,127.79223211836143,7,56587.46291167053,484.7940116445857,5,2.0971222197933104,933402
229,3643.0291899498416,54426.834587930185,0.4327150362006831,24107.18135325679,111.44912908173751,20,48764.716002797424,2979.4415180860638,3,2.7088069259743963,943053
230,3839.712696994448,75538.82196132814,0.16876945266583548,15891.461015603043,179.75147329177824,18,38851.538937833575,3381.1833430420065,1,5.103110953260103,888706
231,6146.2556264824,28212.002620988333,0.3911414671450426,26891.342898879462,96.84910042115017,8,28403.21692422962,1373.9080911727838,0,2.1553123156311056,803105
232,7071.6946097352375,54388.66225230068,0.36455593643407236,26513.855839247422,106.80204415823933,13,22330.92963862688,3129.914862046294,3,1.7003865724878509,811070
233,8033.625734259747,60367.575230065355,0.43212576219022414,25132.395191272906,132.39721961440318,13,48951.91098845061,4204.105516255491,5,4.81290415639714,1006535
234,5689.89000309257,58929.255240119695,0.32379433999858137,14959.138005946916,260.9390116724067,4,46819.095791998974,1621.729926326634,2,8.615477495474689,868968
235,-147.7642301288397,51184.34836291675,0.4209572336503288,36054.27117961551,243.65103117877285,8,74925.34686245969,1937.9096746958057,5,3.707668368992729,998630
236,1663.1224921947437,92943.46758194233,0.3755028516068758,29995.35529805242,217.4662531472922,17,83228.82027456792,3854.0191423715232,2,1.3908769994416565,1243786
237,6658.259654672227,54590.0209884086,0.16201773571520833,17507.94900168323,116.6110221765557,15,48608.43582157548,3389.9875622171,3,4.584859534150067,870130
238,7776.675556416896,49224.67282430705,0.15913910589268804,28063.91187792743,120.03167530798405,8,27799.928562281468,3201.3250045677596,2,6.4500623407338535,830278
239,6445.972526238443,48193.87580742507,0.4285150516908923,18780.879393128762,184.66623451663006,15,80637.9983308909,2307.700965970918,5,1.0274878116869304,1096803
240,6728.308426941772,59179.28788098878,0.40694802082877213,13581.331283876278,78.27673290751565,13,28853.343656505396,2598.0675395389444,3,9.634177083454066,872258
241,6010.808546861994,57937.67870516028,0.22964892222872169,37624.94446049748,199.27248428076092,6,67470.32848939502,1007.7312133401363,4,4.82838198615389,1049778
242,8895.63357450863,42796.84368403119,0.38834424535605183,9515.32256386351,114.74812599301694,1,41254.811892446014,2828.7603003428453,3,2.779898956764596,769064
243,2965.926661217104,69118.86782192196,0.25242758088128947,31792.087306212426,144.7381515959366,3,46262.0768367603,869.5267562848599,7,0.5653406410866685,888600
244,2765.1636529732077,29389.232761840198,0.41537606646888414,12571.331652681543,206.7810073591472,1,27874.129751767316,4170.162587348925,5,1.610773587491219,647047
245,5638.802467191162,56939.7639722519,0.19112683742362696,31206.137739225414,218.60307119748427,5,41778.84416265913,2369.050777815527,1,6.0234625030291955,1033306
246,5439.568646848922,75888.17880588936,0.43279775308998913,8607.008908371201,140.96078180522545,5,43868.611057322996,1768.4574303803427,5,8.702924438243901,764275
247,5869.66244153369,50158.73460822347,0.3868476895272157,28140.78131572787,229.52516722824194,9,38509.06047732241,2080.136538913681,1,5.4740716096038025,882257
248,5442.572243461065,64667.594129107136,0.37355384861088436,27446.976440768227,125.58041345914839,17,58402.35996503946,1421.937850036286,1,5.080254939738498,989794
249,4097.682283182003,63276.11199866381,0.26429738210052,28875.572842231504,173.08331473556817,13,12605.16600609159,2111.4792248169906,4,0.8102610774527108,722486
250,3683.5031753323033,61802.63068831701,0.4413452722104858,17141.647725962564,236.17326700335514,13,59981.71130931885,1779.5851431961626,2,7.086683960479713,881476
251,2552.03586651366,65135.45424091582,0.3544059039724047,19905.388402213284,57.114006932114435,7,40695.6626676384,2211.204697300514,4,4.254963496595999,777950
252,4300.770019928901,37002.104167306024,0.4137990647035422,22661.958276449277,74.27648454096165,15,56431.864226784775,2853.5478631986766,7,4.570350086563557,852934
253,6550.3109880695665,63295.60128778538,0.19393087698084482,26215.02087691152,212.74059717345847,14,55085.165594819926,2127.911758547045,3,3.1066537494245807,988893
254,5405.984225872155,57296.83843886615,0.3985464401685723,32925.666029628126,200.12082293360038,4,71694.5228434989,1777.6372605110005,3,4.131396393785854,1001561
255,3332.399996728811,87735.34751789052,0.38405678054489856,6297.961332518775,81.66341332585468,9,46069.55761145233,3449.1737064276726,3,5.871489692273553,896870
256,4459.646558512051,69142.69257599095,0.25216345064396906,33882.79183931435,126.99914194868524,10,30948.83754362873,2126.3379217358297,3,0.8742224200817843,918931
257,1181.2878249854143,74774.53487279004,0.15859572827329635,23540.654915683688,151.55379834375069,12,28018.743588567027,1687.9150680564353,3,1.0879141659645148,928616
258,7600.626384271185,46604.0213178984,0.30395492512703365,28059.41249388088,91.90337541718776,17,43821.849367884635,3135.6615967509606,2,3.7058156501601753,962976
259,6354.719043372844,43374.48715864414,0.1653881546943647,1744.0942454268697,131.2588971689097,3,88749.09793876848,2343.9602333068156,2,3.3157240653151927,790980
260,6731.50546601918,42460.07737605575,0.2723147311995676,35195.10469865375,146.08807038283678,4,48217.53740933533,723.9976610614631,4,3.4631631025986995,948945
261,6724.8668191107145,60107.62139113035,0.3871561530815021,26146.751060767114,93.56885014936525,18,27926.603429392617,2169.2107756724427,3,1.2716815306633904,968831
262,7230.8665947622685,70791.87335354071,0.23683185648584637,26789.98655659445,264.0825918269421,20,37647.166461326065,4614.331714730095,3,4.581417207020019,1035569
263,3683.4195174815586,49113.55668313277,0.17986395384263254,29444.7094773515,271.4641321475625,12,63268.95458303022,1775.7534679416594,2,1.6965743656039034,947017
264,6789.447029294275,68524.35064089047,0.33094503603688413,38507.53724596905,186.78109986228733,20,85635.9781754212,3417.967670666362,2,6.440636614567312,1243393
265,3383.563182426727,65648.9369380079,0.16798299025839247,27270.00818929201,100.60633295496254,20,36857.00338422871,2842.3511790296066,3,1.7006710128538376,936529
266,4392.722926024285,61496.739458096665,0.29481404192308036,28107.73132038633,184.47024683901336,4,72132.75568436185,1954.1574140289224,2,8.958651048125027,933432
267,8244.386203098857,84267.13072446692,0.3000835605623281,11651.205928974437,202.93642649419394,12,52662.13804927926,2367.756945876617,8,2.9095377773833637,908771
268,5287.576019851059,51652.60548728664,0.18833239583699712,29348.86341984104,121.78113929907396,12,48578.147486254704,3665.032104839457,2,1.396979527774569,912128
269,3479.6211020758274,59307.000311844786,0.27060816506647223,32051.26023138857,186.0567681272791,15,61679.09989756267,595.547759743084,1,8.24512514536032,991265
270,6848.668565983564,48343.96727709265,0.34988035844371157,34559.37707891997,128.18202656408798,12,1842.6334614622829,2468.487675576977,6,4.325685349448322,862509
271,7411.912035809084,72127.79867216457,0.24457183039483527,27708.423010287315,103.10372117318005,3,34217.16743214795,2845.6134163853685,5,7.913304696031506,959672
272,6460.654011846658,53791.51302531444,0.38895255591711253,9387.142451678777,113.03246903167559,8,35564.25597531181,5054.686325902116,1,1.041755683034384,818301
273,5392.262918047814,41438.97565395999,0.3133034662902964,30258.91970711657,86.4795628010285,11,49951.92318162292,1910.7283482106939,3,9.0303852877155,918661
274,7573.006238143862,42967.68112735534,0.34228965842962733,35929.237026189185,81.70879222922805,6,47020.61380465406,474.5819166795204,1,3.499844936870212,984506
275,2947.2615846682156,73450.00859078726,0.3526988706621219,36407.15799699671,121.04773319159253,14,30430.87493201586,1048.8936128299918,4,8.249809344033519,894910
276,4873.2536647360275,40330.29684186213,0.18424199079288964,24986.146414195144,165.40428303795704,6,49392.290209800274,4083.4772772495994,2,8.230371765361161,826444
277,5345.0535658461795,62662.944837224764,0.43636977865764326,24380.45231419205,90.23531182003777,7,30063.65395006071,2564.759761704566,2,6.918402441183312,880278
278,4164.3233517572935,40125.09336049502,0.16258922203309029,30515.45256412106,111.53449877540326,8,44773.418810970645,3605.900424357309,1,5.875580322975843,870115
279,4591.4093333963265,67058.7899632108,0.23889774056994,24408.217091244976,146.2167197837085,4,59769.89344906485,4861.61144400469,3,3.49259853757895,917129
280,2977.9164707803784,63936.81702399039,0.2469299104999012,16860.759829682334,227.08364058981834,19,18411.700210138795,5133.537940031605,5,9.833952086432367,867345
281,3650.1319624188955,48953.86016402454,0.2819566919141505,14882.508545951532,226.46482754197666,18,66814.68964259098,2707.8025073533136,2,0.9594457549634183,945295
282,5836.411511775944,28359.823689273966,0.38993500933373504,33511.52790048685,213.45863282291896,6,54258.99947343246,65.82361415740752,0,2.850297597054285,840930
283,4777.962252785691,56818.82024655897,0.2745374818604163,24880.50578143388,133.25757581976097,13,58682.84440524432,2927.1337286876606,4,6.440634617190214,906986
284,6627.0960799411005,30026.613698065787,0.4064417336397784,36361.41570154698,108.55361934975522,15,37565.96887522224,1772.327645143776,1,5.877175036434299,960766
285,5313.387456493049,70352.95966278017,0.4379373061214551,41829.38482449376,179.81985345588268,1,68235.30645684006,766.6161379450857,7,1.061505298318718,1117902
286,6843.406970200706,51061.89515076907,0.3517169438396114,20989.076644128385,207.37696067969475,9,35429.56891971295,2138.6894380327094,2,9.588844121948823,858820
287,8060.390397726703,64973.90743452612,0.24460912297983525,13849.351649496617,121.6935705696216,20,59923.98374726633,1964.6832874323409,4,3.1657077257602015,1004755
288,3745.373108097394,55678.34063499974,0.21739721929252998,25409.583215048682,73.63521547860954,19,15957.312000505954,3720.821298813048,5,7.074480253877576,783894
289,4499.624333585674,38950.59765111127,0.31457652451640655,29021.958459926518,25.33645898349613,16,75639.8450618861,3133.094934705377,1,7.436647806451428,925172
290,8766.551534822125,51333.33505113455,0.2563131548958406,16989.132006155593,203.70926960894855,11,31653.01467615753,668.3177527939738,3,5.7579818739935735,753519
291,2206.1318170640816,60080.47553258778,0.3726814176756861,24607.765273295707,141.98199594775846,18,50935.42861681693,2392.8471189644633,3,5.375163281679341,923779
292,2874.4463450676712,63840.240660672294,0.16827861651621598,22909.09774138507,103.58141650888902,18,61355.14154172137,3336.2229368215294,1,3.5275512379099743,965706
293,3656.8757988314746,56694.22048663051,0.1592792644180698,17885.18405536634,218.9142046811337,13,65008.93141774747,1198.6769210943546,2,6.086889557251746,920144
294,2046.1053807093022,61631.185552015115,0.23872426877850622,34769.048628211945,108.63255001798237,1,26580.562425567754,1668.0450825055489,2,6.085920479906411,786813
295,8840.735004288523,36656.57470666654,0.1744724776834098,13086.828656806974,154.7062133894638,20,74635.36458978985,859.5386429435916,3,3.026978084380251,934505
296,1142.5399545003088,69841.63117432469,0.39231534599444395,35079.70801873271,153.06138042350867,4,51495.10646731264,3149.4973648592395,0,2.695268102307714,991475
297,4446.728261677106,61763.370628187724,0.21619531788652455,41398.49676628741,150.03414094787414,10,90240.68261921222,2636.1728830648267,3,4.166425353900809,1212324
298,4434.847802427084,52424.23650105669,0.24856744496573954,23624.227149658604,146.25220174952997,10,59710.98590604272,1685.49578923839,1,3.4760315275157985,978647
299,2511.649774644335,79964.68581586811,0.15204440937003844,31571.635434027245,152.28082146607719,9,76828.63950747406,1807.2451423019575,5,1.0930976091389133,972405
300,4929.984779987528,42834.98704556733,0.39264789704750525,16087.628398704053,131.1328961526095,13,64345.67162317551,2812.5621734577426,2,8.606627557308483,910355
301,4211.34540152965,52722.199574102604,0.35080709527222453,18977.957207001782,110.55817191815636,2,49712.91066871703,2369.8773703101133,2,9.463954368334182,785362
302,6384.2390101769815,64468.25800742791,0.44596893423432316,29716.200369413426,111.99134724423898,4,53558.33614019745,3974.046600146101,4,2.348082815100599,1093866
303,6078.288235900301,69675.54906654658,0.340814202701738,36690.27422028189,57.80426058673601,17,75507.8147599803,2348.285566422771,4,7.1217295770408455,1189165
304,4369.826537611782,46423.80937065908,0.2723334103218488,27660.86008259358,153.63623137016438,4,53745.910996464365,3259.090395388397,4,9.957004447294736,833367
305,4822.841938360663,56963.402319156936,0.16684860297099394,26510.77085704731,66.29071505930483,2,47166.60429286792,1240.5673895624366,0,1.6579367840565693,810767
306,4741.509484094964,45890.61722578238,0.28537998422193434,5703.088759596663,154.44571629065393,20,71837.82628308219,3899.283341270051,3,4.8512718575467515,865366
307,6716.0283906042905,42577.05590552148,0.30386242269158037,32172.70923388815,66.38751127163407,7,40530.757536489014,3180.765748655567,0,4.075942143946593,911534
308,10296.287971506972,65432.85023447887,0.23441789465164892,48073.85821258917,177.56972747956985,14,64053.8476963753,2873.3241444977625,3,1.1935341325464597,1312421
309,6731.853236610204,70022.02938301208,0.22034984330222812,27264.358561091838,158.4464495685427,16,65253.39100877105,1685.210390029552,2,4.795923551483618,1094684
310,7230.333548178027,57984.94770687899,0.3819550503776275,26328.873151503078,145.2546715364535,2,50695.51937586881,2777.358461964676,4,9.925288575046537,928948
311,3049.2679454435,74552.61897902138,0.15209467856410444,13630.77487883503,124.14314597756189,19,23216.765289270366,2659.743367050745,1,2.6272835840676003,761760
312,994.1019586556745,58958.9223025733,0.401999328181303,38532.817323019306,213.43105123016042,17,30484.509852180916,3625.692816016916,5,7.7284167878793415,925239
313,8419.656372153997,52469.167327040945,0.19170066155972332,18648.50660716133,11.273156728280298,16,43168.24156982544,2501.734356742451,8,7.158885967670993,819639
314,2277.0553277345416,62169.1581600086,0.27336122016355624,33150.49663760755,110.38155525978448,6,56781.08902265957,1866.5220075630775,2,2.9787265066765967,976131
315,6593.991727444549,61761.0818506532,0.1847469246710383,25269.80313409702,244.15411265348666,1,97603.80277509539,2661.166169470044,5,5.545540215206512,1081230
316,6084.597538611482,62066.09921415179,0.39609722644416034,26746.771467183178,244.49974486602576,6,63642.71933491163,1529.8757396203564,3,2.3685378744718193,979283
317,3437.4065863538826,39625.11529271856,0.34283852115189273,37870.246845874986,191.41148450923114,15,66030.28637754018,3477.3153010514684,2,4.093132894811776,950112
318,6027.0980500385485,49257.74523362718,0.17168308427195297,14493.001068198055,205.64350703842484,5,54769.61622727862,1798.1658370115583,2,5.667744557207191,791439
319,6131.433959105739,48472.54506057701,0.26918144185213794,30765.515769553836,120.64303340041685,4,56390.49341565911,4153.617268492285,4,9.206646935597385,911513
320,2046.1501449361972,43909.42888811445,0.4356187339917008,34535.19467530858,180.90545512702943,11,80189.15386815381,2355.6071815470286,3,5.130152195884407,1021172
321,2812.171539575529,68183.23501113468,0.3372722210992555,21521.800562131186,173.12326529013254,1,52860.975397579045,3349.6119885162134,5,8.042383767792586,869251
322,6142.816775437561,66771.72376021283,0.40351189466899273,29972.17478892712,122.19406266196097,10,47398.7941289276,2341.2582732306278,5,1.5720102782444034,960541
323,4198.420710041019,92865.94806734833,0.15806029621348058,18247.067062670994,137.19297029822866,4,32316.83040112464,-88.41663220419969,4,1.6727737251983736,809293
324,2625.069196523123,57722.699972613314,0.19594335002518687,34719.7880903379,183.57655858645268,12,80560.62718775665,3283.4863215921027,4,2.19495291735321,1097058
325,1868.7510872210955,70388.76978578916,0.20752086521707994,41898.76710632231,219.84654696778176,20,60752.598058997595,2928.186247810576,2,7.212739225445069,1248532
326,6141.014416709032,46290.27546169073,0.16244919765297192,20108.918020890975,181.50743882139307,8,12465.625386345266,2634.040886233024,3,1.3807907026975639,757899
327,7628.590021035503,56975.04151953081,0.18041395274095906,29640.790733081656,177.1728230477053,1,90305.5022092128,3790.6444609225473,2,9.713279214020956,1109528
328,5383.154792388179,62593.61483958889,0.20760701074090337,36578.44559513445,205.81231952590628,12,80160.95182838307,5652.056734512085,2,8.14915677492358,1155473
329,8846.891589649906,43380.77544972127,0.2813150474800624,28548.18990769932,64.89356467308059,18,19701.514492598944,1698.9330096001759,5,0.9717841688673293,844463
330,5337.999320622307,72720.3883488036,0.2511800688162679,15404.98307672053,121.59877833537044,7,33352.78571406177,-204.3916316027753,1,8.455988936378358,720649
331,3569.8735587251476,45851.48855692116,0.3014734353750418,17120.054993463877,159.93400047737035,2,21158.8091628358,622.7758931947042,4,1.4553459547927212,715649
332,2103.8731427137504,49203.17153866112,0.3461360253373385,32252.52608546961,210.5834243005463,12,19030.85086463457,1996.8430957257324,5,8.557724233659497,745943
333,2715.3206404665953,70112.61092239979,0.21043917631605988,19020.974170029665,123.43180665681555,12,67472.5700414906,2469.5972334695016,3,8.594459950144582,942435
334,10629.308888945106,53434.85810519662,0.3309639186298513,28146.45640004259,161.76589807195498,12,39197.9381280243,2720.8085078880913,6,3.4420712554992967,940414
335,6527.3954316960935,71910.61015668334,0.24028989588948652,29576.050226403782,114.76357821945581,1,63299.10915471433,1511.8366523295908,4,8.549059394645877,976809
336,5874.462195094082,32315.866108883878,0.16121909712263918,17805.006982762767,22.184106626433305,20,52828.81025846709,3639.5555360254693,5,9.412721138984864,811248
337,3177.329393815807,36719.27006987686,0.36024252540052215,29763.927181114057,120.50526217685545,6,32739.3018583402,877.0669973187619,1,9.56826150296625,728422
338,1581.3806094179095,64770.175185295724,0.34211422399327235,14447.489108120262,172.7843514457345,2,63261.98493480346,1911.8456430122496,3,1.0553508787503316,879483
339,4514.6025043494365,26649.847432255858,0.20040601565780358,15733.712029071965,65.92114501162798,3,85926.4785296937,3296.982182713619,0,3.719975365810263,883030
340,1752.9332312031884,56789.45057533026,0.1893175892412871,24464.320773622883,151.92518228174043,15,78811.70161203758,2444.079551477787,7,4.1674838886924395,947864
341,3468.380039882577,54482.17300253033,0.31491517654899337,32921.329911674315,139.14344625268987,20,12760.997302519056,2612.3211654698125,3,1.7261768458433737,952125
342,3576.0535454821547,31857.951726356503,0.19985549988292475,23714.951043796045,172.98902920251567,5,46503.59272072248,2482.0357115428437,1,4.777244723389864,786357
343,3456.909826097026,35836.96266800568,0.36168459143528797,16470.933828213514,153.06061856973776,17,33072.805602260545,1915.0923465822302,0,0.7075437638689172,764821
344,5718.951595094251,90236.13680051136,0.2785055401706539,19271.652509793275,142.004198858228,17,68730.08233460976,3396.283960130607,3,9.344486887269548,1070191
345,5133.03654792136,45519.08863169412,0.4171322844003258,23402.668590900816,64.6412637234565,15,30289.2079855814,1530.2562803653254,2,5.996147272933549,854347
346,-709.2533258087824,42147.22202308301,0.1760901060767799,15991.568312711597,142.015740625585,13,58601.31374350637,3637.805822697871,7,5.574327113289124,712528
347,7190.117732962772,67439.2587013883,0.213942635794181,28579.644337063764,134.60488288647002,8,49888.794127038585,3678.512689798423,4,9.907709120556943,915369
348,7711.1458714206965,45837.13540292402,0.26535474411188,29035.866051064135,107.4418429875147,15,11795.761424270604,2437.630660563346,4,7.630685339069201,839022
349,3887.6961434133314,48821.41240108673,0.20562265511221628,25434.811828376132,82.82865164391522,16,51437.618714377495,2971.43986649484,4,7.321134692206514,855356
350,4524.5779157082425,21080.63459874795,0.41011805471368423,17782.476476222673,187.9757443743054,20,44164.82735482926,3221.092796486096,1,3.0343346044272774,844490
351,4389.4678952698,48539.9004973434,0.1819235288708534,22818.575747359202,162.15059285048505,7,48057.377816847256,505.8711565207434,2,9.761590591697232,719708
352,752.633965350341,59344.80547314637,0.22248038293072891,25366.97155907652,207.96905216502608,7,69462.03122030143,2042.3667506623847,4,8.516222204753907,892250
353,2031.8866701513298,51872.976841893884,0.1901334434981904,20467.912038148224,93.99082806563973,7,60793.09190507929,2148.4881981007197,2,7.723118103339308,753763
354,5057.853728123101,33497.11041567256,0.24098488182135813,8159.11049549768,105.63271862477913,12,77197.75093176815,1643.3493685892047,1,6.622608084445642,786483
355,3886.1423846300763,45099.52064911259,0.340689599592012,20055.2270164129,123.8471379980707,15,72806.26830005216,4998.867386165786,3,0.5197269172007715,1007232
356,1582.9629935385583,42928.01877137672,0.3140643521362299,29390.803406470626,127.44183899978516,11,84947.52719419812,691.4140428250973,3,4.738619159220617,909902
357,1392.0667186106452,62229.36680871528,0.28652269065611535,20973.087253995935,106.76989294410032,14,62988.60932406125,3081.7789597188894,3,5.984857311586843,878780
358,9195.878678264862,47115.535990219236,0.34168890659198536,25259.256106721088,143.75101348428925,10,33900.811597917214,2029.696857396038,2,6.057834102827288,830894
359,11185.282556925365,33033.36649879499,0.35008062526716516,28335.77659240366,138.17839099602097,7,58511.88506925593,3608.042858383234,1,0.9684353775433344,1017622
360,4191.276014619954,44705.81296367373,0.43289483522134076,13538.629682082777,206.11017838488578,16,57395.46874230112,2824.3402100148683,4,3.151739472355562,846954
361,7160.112118278621,69141.82771210113,0.4009135732231198,35643.053485264485,216.05308691767334,3,16928.357687503325,2764.613844068214,4,1.110266470642696,1029605
362,5686.467596800151,53264.58690837195,0.3852813897920151,34116.90352458755,183.73642730317533,15,46808.694360158974,2431.8608862126434,5,3.498850571058627,1026663
363,5700.740432772676,42335.13944225393,0.16193913820069575,33010.9316503269,163.22922680145555,13,14376.83171068733,269.5319808755412,2,2.8242230187447737,864265
364,4454.910557276382,49891.01939635208,0.31517119036240926,29001.14426491107,139.37493176544174,16,73578.96798473335,4239.455720828213,4,9.504062627137342,1093483
365,3069.160980568894,51008.043980369985,0.3076335379086539,23672.935600132972,139.0998595708431,1,14390.856959869736,2841.0385105075475,6,8.984580542563489,634171
366,6961.216709733515,38553.97953242333,0.3777716938970985,33756.6065636346,115.36491816858107,10,53925.78335629522,2823.185482458206,4,7.601446049091796,1049939
367,4077.6605359307623,66348.4701236971,0.34213418219797587,26595.882395543304,145.95258968780783,20,63119.42929919284,3190.2663991729187,2,5.093958564186741,1096487
368,3470.056493242807,61780.806371263374,0.3221787408368947,22742.497913483763,201.2693282271981,19,40801.71345728653,834.6909213223628,3,6.329990283423063,864059
369,5494.625962279233,32506.126737127244,0.3551925389745424,25742.979214588097,81.12712964873133,3,38533.2032156811,2223.510244413247,1,4.517963665544799,787412
370,5688.1078431269325,60225.126088691904,0.2091548945904199,17817.359468594965,217.33217157172407,2,24775.762962953817,3680.1281737415275,2,4.827884428906033,861152
371,5336.030681065057,69178.17301917225,0.3997173125105724,33723.877799261114,209.99377418903416,1,64849.178271852405,1862.412457924036,3,6.491035302339265,947741
372,1133.4198566688538,71037.1639590387,0.43085296924995165,18812.50006505872,168.51059449708706,1,61686.283328706195,3562.333662420059,1,2.044331456348443,906787
373,2329.8958091462077,38647.482261865494,0.3874088757368658,15662.011524044136,202.57316595040595,18,55565.97958255663,2195.077787642673,3,1.5207802499746272,879615
374,3858.7191395997743,67787.02965149426,0.4396345903801864,15166.53121759667,150.29690847075747,12,67173.77022931252,1992.8522572278387,4,2.9762857209128972,909066
375,4598.9589374940515,42813.22824638673,0.2756787671812257,39887.89632146889,156.4841954782638,7,43226.31351802806,2327.8557262915265,1,6.0173015443370055,970312
376,6568.005558621496,52176.079973705404,0.3625750637303476,34544.90356680822,111.52188094174379,2,60946.053495539476,1886.4123946372056,5,8.065711864887234,975689
377,6852.963750210432,58429.94542205079,0.27328276570503296,38080.53115622015,215.58467246363307,18,35334.698130272925,1830.1966419241385,3,9.617584353888708,1108244
378,3975.2515186466126,55837.95909766745,0.28661847157438225,22522.80228809551,138.02038376731457,7,50175.26969770734,1870.727209226086,4,3.841341057783697,864486
379,3519.36485850499,53457.638042800834,0.3234655143669869,37043.858277690764,180.7587219094336,1,36934.080442812105,2560.2576773324754,1,9.161414559245511,924419
380,8803.271541663937,39028.657669784836,0.23729981686939894,23650.865050813813,189.7128339081035,17,79336.48832809538,883.2866250519858,6,4.070301580575439,969847
381,5492.167230632817,42965.79959290685,0.2840622585601317,19468.923078574226,184.37821759970683,15,73358.63325907814,2395.1577759012375,3,0.7681732166817106,935299
382,6926.365485705634,76214.42659006632,0.2789534009229466,31903.285943665713,173.41216490357672,18,49596.4669659746,2521.692055526284,0,4.365535098210964,1071965
383,5359.257198910008,32406.37921560537,0.44879809473020993,28575.148621183063,169.42871809987665,16,36955.73020138989,894.905035956054,1,8.854234039668357,874607
384,5486.183455321398,69269.59366449225,0.19398249010800095,29215.18338932635,171.67364158211862,16,39828.75493448638,2626.3141994832004,4,9.49795289206037,943311
385,7813.869491783502,47738.22258122773,0.2951631793692777,28920.637026011966,177.3827885959596,14,58192.72237367988,2856.972759266926,2,1.9241379058478267,1163242
386,7368.513290392346,65842.40342478268,0.3497841498241393,25894.393265627106,48.34996321649763,6,92246.99418971507,1687.1209691006068,3,5.596993279737758,1076315
387,4283.0947880257,61744.123715649395,0.3323335315820662,26857.7160476392,116.2207806292666,5,18583.759337216863,3070.6948160355446,0,1.6347643976607147,891623
388,5346.973946454177,65012.83169053512,0.40993531897471247,18331.983682259695,252.93008732001545,16,55079.35921801887,2334.87707777816,3,2.9956070315183854,933761
389,3930.4866583113535,59424.57183563232,0.3369413561243476,34474.02732825173,120.50111546236938,4,44527.00424643975,2011.2416226205632,4,0.9228358731236277,907370
390,1433.5570374324052,53150.38521992805,0.40595274367734013,16915.025891371617,111.53194756359844,17,52971.72458166121,285.8262668263451,4,8.151929688885573,755309
391,4113.358459447618,52585.95467801396,0.3162562953014374,30438.56276663176,156.87597863618424,17,62698.07623169866,4891.55482099146,3,7.8950698644232995,1061043
392,2487.7414107791005,64968.15313829824,0.4131929208579107,16880.61846673326,126.86876899741742,3,45359.50979166723,3007.0202721353567,2,4.848763820689275,819820
393,3521.9426839535345,64784.9550726502,0.36278883814223045,24544.476330201654,133.18308231827436,6,70026.32490419912,1538.502001628599,6,8.298732529323502,840803
394,4402.3592251486825,40327.60983211656,0.305762092381038,17655.078620523847,126.62856431208583,13,43403.18846783303,4073.412147525846,1,1.7086364259016018,892819
395,4973.077090828696,67969.55775854441,0.28607184288455245,13586.592838237288,156.7206263951138,3,71963.06055473475,2120.1885615149126,3,6.087197621944621,821515
396,6197.696014873215,51998.95941339355,0.24404320795393514,26994.924729012862,225.4811979982839,18,76309.4209074,445.5597780123553,4,0.7609703438733562,1134824
397,6038.1244472098515,40337.88044591896,0.2020188198618358,25340.562731032263,239.3710427733214,11,36456.19524693411,2915.550741474231,2,2.8652805420329677,819587
398,3578.9398413475847,16397.136344527906,0.445970847233798,22543.198354497385,157.3467649193344,17,39557.36859960015,2544.6077244342896,3,3.5287645672935444,872471
399,2319.8558577521303,61483.25036138881,0.18489951813997837,29673.05187855049,180.69331730703902,19,45557.800761348284,2125.346032188352,1,2.390607296944289,914015
400,5738.662042312262,56815.70424821026,0.15038042307464708,28972.653364399408,152.67703153077505,10,69432.19126502774,1677.9239881720725,1,5.216896511190746,933839
401,4491.691294660301,40499.006227833255,0.2552129363976253,30367.289986215,180.1895260138947,8,22467.71403354634,1049.4502267512958,3,3.983858131641091,800944
402,3352.9300587483012,47226.210417081966,0.3235691796838064,35602.2087234963,155.63288443753228,15,67131.76883772701,3562.6572907875266,5,5.6691970186494585,1028180
403,6730.489900687884,67149.35220028761,0.33201486059100116,28579.151496551804,124.93829461048936,20,52417.237580527966,1631.2082528404944,3,4.191993983267476,1034281
404,7052.284088803932,34303.263826008246,0.2886118028518667,25702.23547847175,130.7314999674548,12,67617.34661388156,1107.3512422167464,2,6.113229540253588,993076
405,2481.8687481385077,66805.24854461338,0.25936992825595934,21914.618952177214,171.72513230456528,8,50824.740370331565,3910.232515550879,1,4.722189097879237,882967
406,5145.763065941749,70928.87178232122,0.43932965387039424,18155.846363389166,96.15122268347456,14,70717.69323107167,1560.5367580140173,5,4.07380945331141,1013866
407,5878.13711178034,21326.998391609086,0.39263983335034525,28116.836192735904,38.97894955324371,20,31685.22659238956,3639.6378120140316,2,3.4883594338099697,908682
408,3877.0339504679523,41062.91813536272,0.17301701983680684,36029.777813600536,70.23075499121272,9,9218.089735125599,2385.197751240936,1,0.8568791806678155,839958
409,5625.301982414645,81736.81324835971,0.30261179526488,31464.289515216573,107.59672009847458,8,79311.5276872942,2022.171622625931,3,6.536565246678234,1123295
410,5922.535886818712,51397.91628963533,0.3593593186056433,33237.70316428127,170.76279141838734,16,39427.41016799645,3088.2064070400743,4,5.645170766585625,1000094
411,2273.2874842395004,65888.1733083057,0.3902408063935574,25490.617356155584,265.3076492373107,1,59821.32086890713,3488.6544793665184,4,7.5424327293322415,950562
412,6802.993066285464,47961.312435060165,0.22399693405343335,25238.935386062603,259.2547447518056,3,36265.6931399341,2234.6146008952255,3,4.708034602105361,915947
413,7311.059178564709,58050.929650753824,0.2830937246395717,24077.435201698896,190.49439084869363,18,43485.390894991055,3240.5453658744364,3,3.8461942631720802,982493
414,7093.823588976278,49971.3387719796,0.2656657504475008,14271.48229358745,157.14748050576944,6,54534.233726811326,2479.439442649493,1,4.64266956208347,869549
415,3455.170017978824,68343.11846753537,0.32724136005537474,26606.760744925676,155.0395536322403,12,53808.5071013057,1814.2315921546826,6,6.739744695340265,900911
416,4320.992717060226,29353.94388851603,0.3311761330986682,20543.991241248084,149.95366868849234,7,39571.55911830728,2626.514454569667,6,7.172087304487215,726741
417,4209.620333937872,69550.556104957,0.22841919496811847,22855.5126280631,76.21045510751513,6,50649.99725775724,3305.5938349951757,2,6.128688052175848,1022658
418,4331.8236824493315,64675.56783173496,0.26508271210654755,24900.694243795242,233.66819730762617,12,38210.95200122563,2670.598794462857,2,8.96748238826133,901850
419,2829.522685951959,50931.457880006754,0.3072944815020363,25815.60773925069,171.9151852384175,7,44525.41495666478,2485.7296470506117,3,8.61789664115212,829404
420,5275.83304183612,62807.528246154616,0.38972464373158633,28408.825047867176,70.88884166267611,13,51004.553983313606,1707.8735736146637,8,1.2601735626979538,963951
421,6904.36748687354,49398.984681478665,0.21978115864462677,22284.482785617532,112.4735190923088,7,35528.40152719809,2499.477476331972,5,9.803001268342905,858384
422,7425.998728500395,66981.52992210328,0.37508154884153155,18197.593471715725,141.10940077683057,1,10103.310787980503,1618.5750938326469,1,9.574164024542258,827742
423,3467.758338778658,38079.06167788459,0.2051438668445445,15809.188720565695,162.80399393330103,4,48328.07143282734,2569.515623700451,4,2.1095128198858464,740499
424,5120.766294589849,65001.780170086306,0.3009131242671065,23448.651664608995,182.28895464518155,10,55074.58041017028,1582.023895389264,1,2.315090323790403,1037202
425,4543.943940430242,76582.39569181335,0.24049867248934464,33235.52444741633,133.15524366074308,3,38281.88078637648,2151.235535300358,4,3.977268524591895,937140
426,7776.401877708322,65865.3176689852,0.2425056365028596,25489.251679485693,168.019669750904,13,60085.75706768545,2663.1984594963574,4,3.4041702901996413,1007320
427,9287.373305087041,60187.549866933456,0.38384490506535857,22062.731840369088,140.83328282496075,12,86152.17015538526,3006.1576554607122,2,5.484386913513411,1048776
428,7405.1530104504545,57698.71554319625,0.17562074528726215,31702.644281835845,229.07318617416644,3,43806.80375628622,4100.163638865061,1,2.999260284279812,1057353
429,3326.599053165709,64071.388386074104,0.417671374661432,14208.386125553925,134.57653333950478,18,30684.347342720816,1961.4263267033757,2,3.5453920671567407,800684
430,3522.6050033408746,30594.926186998768,0.25401562837077335,41180.721844555854,173.06152467933285,4,55777.298940393724,3691.085854773477,1,3.7834568518435097,954598
431,3789.8664237705207,66010.00577220337,0.16897602266960388,14313.100766651094,186.20682796572487,2,92288.29668617586,2875.1690140584687,3,0.6531841405360415,858878
432,2474.460448602872,43361.87765250274,0.38703941211783255,25631.712365344676,183.86042606750917,10,28408.99176721141,3322.717374500439,3,7.5812785218446255,885754
433,2007.6823736707006,41226.81750235313,0.28780380305184683,41109.59133865086,178.112514158486,8,49522.63191990543,369.76640421308184,2,0.6194892186188561,945209
434,3396.852123842643,52035.84282967476,0.3273903446769734,12092.324734898943,219.9848069486174,8,57332.996242945876,2319.8191686271307,3,5.850061690312572,873754
435,7168.396488087085,58154.54560332993,0.29313294530817785,12123.832135352166,115.13454246504863,9,25759.56466391175,2824.956701058381,2,9.194087810758273,739204
436,4884.628794205288,79266.23965786313,0.16935022760596855,37479.50161898257,152.11974933693955,14,59099.523382380416,4903.01819178549,2,8.163515620254007,1186471
437,5252.263031692031,46763.9336806928,0.3920334427518942,31398.450342561253,65.02905274511586,7,44503.95390494624,298.7565265490816,7,8.345938151054739,780525
438,1790.4900241780624,49767.952676905385,0.2356738848715909,9334.5965689359,147.68693913668287,11,52282.0298445304,4357.928560927683,7,1.4477537981770028,810721
439,5313.30711320748,48713.83141084531,0.39226087661939796,19558.644786398192,150.66323215419865,4,46859.266188147405,4353.410797899828,5,2.528606039897538,825842
440,8369.049669206903,67634.45990520854,0.4212340981438516,25185.567828459,130.0008986085545,11,29397.15469554342,1169.2948686690738,1,2.6542068653049014,835508
441,7184.205922038667,32853.04537567297,0.2325570635320427,26917.020145911985,186.65271407329993,19,38634.56427848918,3171.8296377336283,2,3.4107885844385994,921412
442,3620.429092834487,79271.3802725435,0.25089242832412495,20969.755021924488,89.5356079104636,16,30727.15396347265,1973.468312903957,3,3.5560205026624394,840011
443,6367.419073816059,54201.36144866196,0.42951942742614746,20437.48745770827,91.04458928185758,16,92420.47203064887,2271.7994204977895,5,1.5963281134868774,1054881
444,7817.843120543446,85043.6101019,0.40765247502427815,23366.245057407126,215.69428105069898,12,62883.844220776824,2918.5728859911546,3,2.5459131871187806,1131594
445,3298.7734940961045,46884.89701325651,0.263809679461256,26721.765863601744,188.32756771688858,15,55978.85572262632,2754.9670020226936,4,4.131254540137668,978348
446,3069.5962146333336,60757.540651829826,0.3034771831939648,32211.990209264357,119.12564219208026,2,48511.723531359276,532.6749357740055,3,5.880067361582055,857010
447,3935.655087513109,60782.09605685428,0.21860122541538102,23641.181138578155,231.836998091532,8,48593.23100656257,1601.6335120724364,4,5.334946919588219,949440
448,3577.77837089389,40928.68721862358,0.17268910915036484,23341.261789945693,243.36949508762663,12,70179.58398259808,4081.2719516191546,2,2.344223319236736,948844
449,6470.682308395592,55928.62156044995,0.4004870325156351,21131.062883556508,192.08903873920065,8,45457.87984438148,2358.2424459724616,6,2.274339018195729,912431
450,6253.076726673885,36406.56570879641,0.31006633006607387,12977.035130540886,116.59320349841948,9,34374.55000611213,1643.651481718796,3,3.8858449905718144,685318
451,5662.438557477057,79272.88734158616,0.3950380108723043,23716.644944197218,275.04502489671404,11,64501.46279962406,3943.5128995236146,0,0.5894886317382306,1102624
452,6560.903814341639,44318.92305084574,0.4090290043565302,41937.550182612875,180.03938578342186,11,19042.530779538276,1527.2354832399992,3,2.4492778575956664,983814
453,7109.555628553314,54459.6844636834,0.3081765449852032,24766.26875316812,188.7557560794543,18,47713.30641933586,3488.135143242747,3,3.195582344624332,1114536
454,3110.025698496739,25196.18032407501,0.26642962060324715,20104.645484596524,157.06455137035513,17,48284.46969655367,2325.331059889062,2,3.3279482063425343,808450
455,5169.279557086427,48420.782181606235,0.30724640030842676,24941.162770809475,160.0966100532978,1,43203.099163112696,1615.507181339301,2,2.748014748965084,757549
456,6373.750446405787,62292.52896949751,0.27477409628925287,22397.608605411486,170.9379980063748,18,54411.67075474722,1627.3664698860616,3,7.159607037402886,985589
457,5540.117241925957,49259.03605107334,0.29756034657516206,28275.835089584387,219.35036595624604,1,46632.30155054295,2173.987504183151,3,6.877392023860658,879943
458,2499.8529640581505,64183.60022360371,0.337877782398728,28184.758234826244,109.45530318998752,3,57336.280865708846,2117.622909179024,1,6.427615339604135,1020491
459,6685.315420522144,59074.28379214931,0.30169690722906584,23208.221308451557,125.56605548504709,19,43610.19858854662,3042.873348103671,4,7.433946618184179,1047663
460,2556.3858136730714,71082.9507390773,0.16558982943935407,33097.795387630664,143.45370974369368,13,72564.79566537675,1986.3443080306893,2,9.637938267894226,1084541
461,3815.628076072374,85877.37932234333,0.2693320054593119,21767.205209035328,110.15053341265565,4,15394.745390313103,3833.8857455005727,4,2.1759131490649186,843156
462,7690.295240904829,60396.08462690183,0.42973319351320527,21010.92883369239,142.55263525501397,7,60173.15608559682,1493.072639054856,2,4.3630470054072195,957914
463,7510.291576749807,47534.91214856441,0.2868950461652887,20715.54336240964,112.12846126236052,8,57858.66921842836,2994.255422880607,1,1.461056209416641,941514
464,4466.014419648424,54170.28162081771,0.3122272505662069,28416.51725017368,157.3105204357709,17,72596.05703279127,2395.032292436376,0,4.7027405371078395,1091942
465,5116.740581635791,45942.11603144568,0.2515662082311154,43814.17471177644,122.39781924184668,14,34530.883119331396,4398.734981355239,3,3.2028636175532195,1063921
466,4308.6672506479945,52997.31815673489,0.39372409728717017,26149.443560141848,172.52478618890174,10,44764.83419557811,1045.2111494632582,7,7.576220905429656,808087
467,1024.04866638479,26450.192844545196,0.41869324591915047,26675.21089598339,121.9522011305784,13,61586.93519513551,3912.0268785432495,1,1.8347405930574145,855687
468,6045.020140421023,101348.34411529577,0.23505215708128183,27241.644328401555,130.80626293346086,1,54045.608152424385,1255.2331258308175,3,6.57417100381393,983443
469,4608.4294580628375,39365.92617929127,0.2324115098421431,32732.354004164896,116.1833424277875,18,46121.71548683528,1337.726516588562,2,6.850796560934337,923511
470,5691.244237218635,49664.766525841784,0.410292484416067,18967.116712333394,177.71841954037725,15,22467.69811850873,3197.586970339199,2,8.685437025797794,805522
471,5058.381007871135,65469.61045195146,0.25569266526275347,31793.14084745753,86.27404463463154,11,47238.35330677037,3091.1361179239325,3,4.822032379998997,1082405
472,4476.598012368327,52424.72383946076,0.16266014057438952,28545.904784681705,304.91497170356286,4,44836.49723937131,1539.1103644339614,3,6.720321779219838,894025
473,2526.4046351162874,48324.254595504826,0.36950387963624454,26017.511510056964,143.8156343299488,11,72064.35144107316,3941.942401952601,2,1.247627914356291,880516
474,6368.326417217909,42778.65995764678,0.27929491885417757,26409.203615101538,241.7101017928137,11,61967.96015240838,3065.1243673526033,0,3.811723459707034,998353
475,4197.148904855783,58180.54767824386,0.2049508582284878,36061.11316482928,252.88580401507915,11,44744.340760987645,2721.1759787294573,0,7.051565936759608,1067895
476,2066.627174828215,53424.089102796315,0.3013274238190311,15513.153801101338,170.29016917678754,3,102429.49572956975,1043.4120267406363,3,5.662355595883509,974263
477,3157.097953142157,46519.105445718975,0.17577311646084615,17876.983533919378,181.38056062962252,5,60629.6476441318,1417.2150517308332,2,7.475164111267792,731903
478,6395.1814712478335,50828.8649192753,0.3952695988633791,14694.170755820152,153.64736893028913,19,74459.51340256669,1750.1517896173996,2,1.7749230501003275,926805
479,2280.061619761651,73416.99981777529,0.36238434801035674,12057.595089477303,169.03890356825258,5,51927.384801199914,1484.371745281754,5,4.344705806127116,734702
480,3331.6303025347524,21009.218587760755,0.4241443567874833,22193.77435518757,80.47025695339713,13,21056.528125178647,2593.006383709152,4,0.6904369955593646,724501
481,8390.959258767623,65561.13156892237,0.4061597980575611,26105.61109656554,93.72330020139748,13,10203.68962401706,1825.1215035698824,2,4.334643597688039,855606
482,8545.38332179983,56515.50231974194,0.39224338069557274,28756.631175187133,138.25378642395128,18,32129.698149614396,2976.3661564693393,6,8.02771236590873,916697
483,6424.71298658725,38820.64792496387,0.22608468829156925,26270.564598120236,199.5663596295388,8,73619.79810611345,2903.274563037172,3,4.009135152034558,1123420
484,5556.716332890725,42407.776130908154,0.3338053034023822,35577.33716976901,212.22825801776278,13,94629.97822055497,862.7192605964046,2,4.833508040638313,1085239
485,3897.8208556815543,54863.66249824861,0.2087238088644496,28069.19315935016,168.9490345261013,1,52686.562005357504,1851.6996726556154,2,7.905550977327363,897972
486,3944.6296111660813,58854.36157275917,0.2726781707270016,25940.65344529509,127.71748484850028,5,91076.37380173191,1159.9431096391907,5,7.345854761305293,941966
487,6951.4267553385,55011.332611818936,0.4259612802391629,24130.49826730678,131.08617277112958,20,79476.2466733176,3372.063706933276,2,9.359092815121127,1228225
488,4579.584596013708,43559.025293864244,0.3660304963617424,36090.46615063599,209.5185240035605,12,70373.13459826601,1669.378419455355,2,2.3241543841955137,1143435
489,5997.2096369744595,66306.03455767673,0.4184285961037485,17013.545797671562,175.93965087258607,1,58714.646444360355,3057.787240403098,6,0.8712475170185743,873971
490,5291.743130303352,63596.408908659934,0.17768070136882883,16929.159739813367,107.25715987272119,18,75695.90847668613,1497.4837304359462,1,5.980391112280985,938489
491,5068.74352206052,46336.847026010015,0.41591059412866227,26298.836486531818,97.133869859395,10,10688.882170469893,1912.8847293798524,2,7.046861891313208,712531
492,5138.674323430696,67938.15226922755,0.17166880448174335,11440.2124918671,179.43177298981362,17,64566.90426139086,2404.807548081995,5,3.5076815739004057,888102
493,4820.377652852892,55492.289280689736,0.36794902390122686,22625.01936514075,208.75117909804192,13,56824.31684984067,4000.2746090009878,6,1.007628722714663,976910
494,6444.893970441959,49520.78712694172,0.17809723578224235,44103.74164419786,188.0836093147501,17,66519.08311240128,3957.487511745371,4,1.705017305479673,1225926
495,7404.0050769360205,53008.97196030742,0.41926865803594804,32233.45797579765,99.63697046399282,5,64776.46566900731,3780.3323038717285,1,0.7950403223339784,1165947
496,5640.433155897657,73319.42418527722,0.16002795992796648,26071.667044641883,85.15830764160135,10,36855.7658357782,2764.254763607339,2,7.608268658718551,913954
497,4674.592596861817,41932.10454988554,0.43010367183988063,38170.94716859998,277.08099233593964,4,47747.07366224622,2950.8253145740377,5,2.043898625192596,951911
498,5784.3832423891035,40877.88171391675,0.1639300966448437,8283.4381026415,142.2624960635624,4,28801.50188414278,2293.015410901631,2,8.876314410756265,586695
499,4771.055256402274,57216.33861100193,0.3341537835023173,23374.554107032956,111.38410786385828,7,21167.097069783733,3326.702974381481,1,7.330716794119209,926440
500,5069.615080999664,42967.00887947231,0.2502646011780344,15822.723911906309,151.42317242095774,13,50434.589819794455,2685.067830451961,3,4.296185860398245,858926
